Languages,Dialect Name,Dialects,Districts,State
MAITHILI,ANGIKA,ANGIKA,BANKA,BIHAR
MAITHILI,ANGIKA,ANGIKA,BHAGALPUR,BIHAR
MAITHILI,ANGIKA,ANGIKA,JAMUI,BIHAR
MAITHILI,ANGIKA,ANGIKA,MUNGER,BIHAR
ANGIKA,ANGIKA,ANGIKA,BOKARO,JHARKHAND
ANGIKA,ANGIKA,ANGIKA,DHANBAD,JHARKHAND
ANGIKA,ANGIKA,ANGIKA,DUMKA,JHARKHAND
ANGIKA,ANGIKA,ANGIKA,GODDA,JHARKHAND
ANGIKA,ANGIKA,ANGIKA,JAMTARA,JHARKHAND
ANGIKA,ANGIKA,ANGIKA,PAKUR,JHARKHAND
ANGIKA,ANGIKA,ANGIKA,RAMGARH,JHARKHAND
ANGIKA,ANGIKA,ANGIKA,SAHEBGANJ,JHARKHAND
ASSAMESE,ASSAMESE,ASSAMESE,BISWANATH,ASSAM
ASSAMESE,ASSAMESE,ASSAMESE,DARRANG,ASSAM
ASSAMESE,ASSAMESE,ASSAMESE,UDALGURI,ASSAM
ASSAMESE,ASSAMESE,CENTRAL ASSAMESE,MARIGAON,ASSAM
ASSAMESE,ASSAMESE,CENTRAL ASSAMESE,NAGAON,ASSAM
ASSAMESE,ASSAMESE,CENTRAL ASSAMESE,SONITPUR,ASSAM
ASSAMESE,ASSAMESE,EASTERN ASSAMESE,CHARAIDEO,ASSAM
ASSAMESE,ASSAMESE,EASTERN ASSAMESE,DHEMAJI,ASSAM
ASSAMESE,ASSAMESE,EASTERN ASSAMESE,DIBRUGARH,ASSAM
ASSAMESE,ASSAMESE,EASTERN ASSAMESE,GOLAGHAT,ASSAM
ASSAMESE,ASSAMESE,EASTERN ASSAMESE,JORHAT,ASSAM
ASSAMESE,ASSAMESE,EASTERN ASSAMESE,LAKHIMPUR,ASSAM
ASSAMESE,ASSAMESE,EASTERN ASSAMESE,MAJULI,ASSAM
ASSAMESE,ASSAMESE,EASTERN ASSAMESE,SIVASAGAR,ASSAM
ASSAMESE,ASSAMESE,EASTERN ASSAMESE,TINSUKIA,ASSAM
ASSAMESE,ASSAMESE,GOALPARIYA,BONGAIGAON,ASSAM
ASSAMESE,ASSAMESE,GOALPARIYA,CHIRANG,ASSAM
ASSAMESE,ASSAMESE,GOALPARIYA,DHUBRI,ASSAM
ASSAMESE,ASSAMESE,GOALPARIYA,GOALPARA,ASSAM
ASSAMESE,ASSAMESE,GOALPARIYA,KOKRAJHAR,ASSAM
ASSAMESE,ASSAMESE,KAMRUPI,BAKSA,ASSAM
ASSAMESE,ASSAMESE,KAMRUPI,BARPETA,ASSAM
ASSAMESE,ASSAMESE,KAMRUPI,GOALPARA,ASSAM
ASSAMESE,ASSAMESE,KAMRUPI,KAMRUP,ASSAM
ASSAMESE,ASSAMESE,KAMRUPI,KAMRUP METRO,ASSAM
ASSAMESE,ASSAMESE,KAMRUPI,NALBARI,ASSAM
ASSAMESE,ASSAMESE,SOUTHERN ASSAMESE,CACHAR,ASSAM
ASSAMESE,ASSAMESE,SOUTHERN ASSAMESE,HAILAKANDI,ASSAM
ASSAMESE,ASSAMESE,SOUTHERN ASSAMESE,KARIMGANJ,ASSAM
AWADHI,AWADHI,AWADHI,AMETHI,UTTAR PRADESH
AWADHI,AWADHI,AWADHI,BAHRAICH,UTTAR PRADESH
AWADHI,AWADHI,AWADHI,BALRAMPURA,UTTAR PRADESH
AWADHI,AWADHI,AWADHI,BARABANKI,UTTAR PRADESH
AWADHI,AWADHI,AWADHI,FATEHPUR,UTTAR PRADESH
AWADHI,AWADHI,AWADHI,HARDOI,UTTAR PRADESH
AWADHI,AWADHI,AWADHI,KANPUR DEHAT,UTTAR PRADESH
AWADHI,AWADHI,AWADHI,KANPUR NAGAR,UTTAR PRADESH
AWADHI,AWADHI,AWADHI,LAKHIMPUR KHERI,UTTAR PRADESH
AWADHI,AWADHI,AWADHI,LUCKNOW,UTTAR PRADESH
AWADHI,AWADHI,AWADHI,RAE BARELI,UTTAR PRADESH
AWADHI,AWADHI,AWADHI,SITAPUR,UTTAR PRADESH
AWADHI,AWADHI,AWADHI,UNNAO,UTTAR PRADESH
AWADHI,AWADHI,EASTERN AWADHI,ALLAHABAD,UTTAR PRADESH
AWADHI,AWADHI,EASTERN AWADHI,AMBEDKAR NAGAR,UTTAR PRADESH
AWADHI,AWADHI,EASTERN AWADHI,AYODHYA,UTTAR PRADESH
AWADHI,AWADHI,EASTERN AWADHI,BASTI,UTTAR PRADESH
AWADHI,AWADHI,EASTERN AWADHI,GONDA,UTTAR PRADESH
AWADHI,AWADHI,EASTERN AWADHI,JAUNPUR,UTTAR PRADESH
AWADHI,AWADHI,EASTERN AWADHI,KAUSHAMBI,UTTAR PRADESH
AWADHI,AWADHI,EASTERN AWADHI,MIRZAPUR,UTTAR PRADESH
AWADHI,AWADHI,EASTERN AWADHI,PRATAPGARH,UTTAR PRADESH
AWADHI,AWADHI,EASTERN AWADHI,SIDDHARTH NAGAR,UTTAR PRADESH
AWADHI,AWADHI,EASTERN AWADHI,SULTANPUR,UTTAR PRADESH
BAGHATI,BAGHATI,BAGHATI,SOLAN,HIMACHAL PRADESH
HINDI,BAGHELI,BAGHELI,ANUPPUR,MADHYA PRADESH
HINDI,BAGHELI,BAGHELI,KATNI,MADHYA PRADESH
HINDI,BAGHELI,BAGHELI,REWA,MADHYA PRADESH
HINDI,BAGHELI,BAGHELI,SATNA,MADHYA PRADESH
HINDI,BAGHELI,BAGHELI,SHAHDOL,MADHYA PRADESH
HINDI,BAGHELI,BAGHELI,SIDHI,MADHYA PRADESH
HINDI,BAGHELI,BAGHELI,SINGRAULI,MADHYA PRADESH
HINDI,BAGHELI,BAGHELI,UMARIA,MADHYA PRADESH
HINDI,BAGHELI,BAGHELI,ALLAHABAD,UTTAR PRADESH
HINDI,BAGHELI,BAGHELI,ALLAHABAD,UTTAR PRADESH
HINDI,BAGHELI,BAGHELI,CHITRAKOOT,UTTAR PRADESH
RAJASTHANI,BAGRI,BAGRI,BHIWANI,HARYANA
RAJASTHANI,BAGRI,BAGRI,HISAR,HARYANA
RAJASTHANI,BAGRI,BAGRI,SIRSA,HARYANA
RAJASTHANI,BAGRI,BAGRI,BIKANER,RAJASTHAN
RAJASTHANI,BAGRI,BAGRI,CHURU,RAJASTHAN
RAJASTHANI,BAGRI,BAGRI,GANGANAGAR,RAJASTHAN
RAJASTHANI,BAGRI,BAGRI,HANUMANGARH,RAJASTHAN
MAITHILI,BAJJIKA,BAJJIKA,MUZAFFARPUR,BIHAR
MAITHILI,BAJJIKA,BAJJIKA,PURBI CHAMPARAN,BIHAR
MAITHILI,BAJJIKA,BAJJIKA,SARAN,BIHAR
MAITHILI,BAJJIKA,BAJJIKA,SHEOHAR,BIHAR
MAITHILI,BAJJIKA,BAJJIKA,SITAMARHI,BIHAR
MAITHILI,BAJJIKA,BAJJIKA,VAISHALI,BIHAR
BASHKARIK,BASHKARIK,BASHKARIK,SHANGLA,KHYBER PAKHTUNKHWA
BENGALI,BENGALI,BANGLA,BANGLADESH,BANGLADESH
BENGALI,BENGALI,BANGLA,DHALAI,TRIPURA
BENGALI,BENGALI,BANGLA,GOMATI,TRIPURA
BENGALI,BENGALI,BANGLA,KHOWAI,TRIPURA
BENGALI,BENGALI,BANGLA,NORTH TRIPURA,TRIPURA
BENGALI,BENGALI,BANGLA,SEPAHIJALA,TRIPURA
BENGALI,BENGALI,BANGLA,SOUTH TRIPURA,TRIPURA
BENGALI,BENGALI,BANGLA,UNAKOTI,TRIPURA
BENGALI,BENGALI,BANGLA,WEST TRIPURA,TRIPURA
BENGALI,BENGALI,MANBHUMI,BANKURA,WEST BENGAL
BENGALI,BENGALI,MANBHUMI,BIRBHUM,WEST BENGAL
BENGALI,BENGALI,MANBHUMI,HOOGHLY,WEST BENGAL
BENGALI,BENGALI,MANBHUMI,JHARGRAM,WEST BENGAL
BENGALI,BENGALI,MANBHUMI,MEDINIPUR EAST,WEST BENGAL
BENGALI,BENGALI,MANBHUMI,MEDINIPUR WEST,WEST BENGAL
BENGALI,BENGALI,MANBHUMI,PASCHIM BARDHAMAN,WEST BENGAL
BENGALI,BENGALI,MANBHUMI,PURBA BARDHAMAN,WEST BENGAL
BENGALI,BENGALI,MANBHUMI,PURULIA,WEST BENGAL
BENGALI,BENGALI,RANGPURI,ALIPURDUAR,WEST BENGAL
BENGALI,BENGALI,RANGPURI,COOCHBEHAR,WEST BENGAL
BENGALI,BENGALI,RANGPURI,DARJEELING,WEST BENGAL
BENGALI,BENGALI,RANGPURI,JALPAIGURI,WEST BENGAL
BENGALI,BENGALI,RANGPURI,KALIMPONG,WEST BENGAL
BENGALI,BENGALI,RARHI,BANKURA,WEST BENGAL
BENGALI,BENGALI,RARHI,BIRBHUM,WEST BENGAL
BENGALI,BENGALI,RARHI,HOOGHLY,WEST BENGAL
BENGALI,BENGALI,RARHI,HOWRAH,WEST BENGAL
BENGALI,BENGALI,RARHI,KOLKATA,WEST BENGAL
BENGALI,BENGALI,RARHI,NADIA,WEST BENGAL
BENGALI,BENGALI,RARHI,PARAGANAS NORTH,WEST BENGAL
BENGALI,BENGALI,RARHI,PARAGANAS SOUTH,WEST BENGAL
BENGALI,BENGALI,RARHI,PASCHIM BARDHAMAN,WEST BENGAL
BENGALI,BENGALI,RARHI,PURBA BARDHAMAN,WEST BENGAL
BENGALI,BENGALI,VARENDRI,COOCHBEHAR,WEST BENGAL
BENGALI,BENGALI,VARENDRI,DARJEELING,WEST BENGAL
BENGALI,BENGALI,VARENDRI,DINAJPUR DAKSHIN,WEST BENGAL
BENGALI,BENGALI,VARENDRI,DINAJPUR UTTAR,WEST BENGAL
BENGALI,BENGALI,VARENDRI,JALPAIGURI,WEST BENGAL
BENGALI,BENGALI,VARENDRI,MALDAH,WEST BENGAL
BENGALI,BENGALI,VARENDRI,MURSHIDABAD,WEST BENGAL
BHADRAWA HI-KHASHALI-BHALESI,BHADRAWA HI-KHASHALI-BHALESI,BHADRAWA HI-KHASHALI-BHALESI,KATHUA,JAMMU AND KASHMIR
BHADRAWA HI-KHASHALI-BHALESI,BHADRAWA HI-KHASHALI-BHALESI,BHADRAWA HI-KHASHALI-BHALESI,SAMBA,JAMMU AND KASHMIR
BHADRAWA HI-KHASHALI-BHALESI,BHADRAWA HI-KHASHALI-BHALESI,BHADRAWA HI-KHASHALI-BHALESI,UDHAMPUR,JAMMU AND KASHMIR
BHATRI,BHATRI,BHATRI,BASTAR,CHHATTISGARH
BHATRI,BHATRI,BHATRI,KORAPUT,ODISHA
BHATRI,BHATRI,BHATRI,NABARANGPUR,ODISHA
BHATTI,BHATTI,BHATTI,BALOD,CHHATTISGARH
BHATTI,BHATTI,BHATTI,KONDAGAON,CHHATTISGARH
BHILI,BHILI,BHILI,CHHOTAUDEPUR,GUJARAT
BHILI,BHILI,BHILI,DOHAD,GUJARAT
BHILI,BHILI,BHILI,MAHISAGAR,GUJARAT
BHILI,BHILI,BHILI,NARMADA,GUJARAT
BHILI,BHILI,BHILI,PANCH MAHALS,GUJARAT
BHILI,BHILI,BHILI,TAPI,GUJARAT
BHILI,BHILI,BHILI,DHAR,MADHYA PRADESH
BHILI,BHILI,BHILI,JHABUA,MADHYA PRADESH
BHILI,BHILI,BHILI,RATLAM,MADHYA PRADESH
BHOJPURI,BHOJPURI,MAGADHI BHOJPURI,ARWAL,BIHAR
BHOJPURI,BHOJPURI,MAGADHI BHOJPURI,AURANGABADA,BIHAR
BHOJPURI,BHOJPURI,MAGADHI BHOJPURI,GAYA,BIHAR
BHOJPURI,BHOJPURI,MAGADHI BHOJPURI,JEHANABAD,BIHAR
BHOJPURI,BHOJPURI,MAGADHI BHOJPURI,PATNA,BIHAR
BHOJPURI,BHOJPURI,NORTHERN STANDARD BHOJPURI,MUZAFFARPUR,BIHAR
BHOJPURI,BHOJPURI,NORTHERN STANDARD BHOJPURI,PASHCHIM CHAMPARAN,BIHAR
BHOJPURI,BHOJPURI,NORTHERN STANDARD BHOJPURI,PURBI CHAMPARAN,BIHAR
BHOJPURI,BHOJPURI,NORTHERN STANDARD BHOJPURI,SHEOHAR,BIHAR
BHOJPURI,BHOJPURI,NORTHERN STANDARD BHOJPURI,SITAMARHI,BIHAR
BHOJPURI,BHOJPURI,NORTHERN STANDARD BHOJPURI,VAISHALI,BIHAR
BHOJPURI,BHOJPURI,NORTHERN STANDARD BHOJPURI,BASTI,UTTAR PRADESH
BHOJPURI,BHOJPURI,NORTHERN STANDARD BHOJPURI,DEORIA,UTTAR PRADESH
BHOJPURI,BHOJPURI,NORTHERN STANDARD BHOJPURI,GORAKHPUR,UTTAR PRADESH
BHOJPURI,BHOJPURI,NORTHERN STANDARD BHOJPURI,KUSHI NAGAR,UTTAR PRADESH
BHOJPURI,BHOJPURI,NORTHERN STANDARD BHOJPURI,MAHARAJGANJ,UTTAR PRADESH
BHOJPURI,BHOJPURI,NORTHERN STANDARD BHOJPURI,SANT KABIR NAGAR,UTTAR PRADESH
BHOJPURI,BHOJPURI,NORTHERN STANDARD BHOJPURI,SIDDHARTH NAGAR,UTTAR PRADESH
BHOJPURI,BHOJPURI,SOUTHERN STANDARD BHOJPURI,BHOJPUR,BIHAR
BHOJPURI,BHOJPURI,SOUTHERN STANDARD BHOJPURI,BUXAR,BIHAR
BHOJPURI,BHOJPURI,SOUTHERN STANDARD BHOJPURI,GOPALGANJ,BIHAR
BHOJPURI,BHOJPURI,SOUTHERN STANDARD BHOJPURI,KAIMUR (BHABUA),BIHAR
BHOJPURI,BHOJPURI,SOUTHERN STANDARD BHOJPURI,ROHTAS,BIHAR
BHOJPURI,BHOJPURI,SOUTHERN STANDARD BHOJPURI,SARAN,BIHAR
BHOJPURI,BHOJPURI,SOUTHERN STANDARD BHOJPURI,SIWAN,BIHAR
BHOJPURI,BHOJPURI,SOUTHERN STANDARD BHOJPURI,GARHWA,JHARKHAND
BHOJPURI,BHOJPURI,SOUTHERN STANDARD BHOJPURI,PALAMU,JHARKHAND
BHOJPURI,BHOJPURI,SOUTHERN STANDARD BHOJPURI,AZAMGARH,UTTAR PRADESH
BHOJPURI,BHOJPURI,SOUTHERN STANDARD BHOJPURI,BALLIA,UTTAR PRADESH
BHOJPURI,BHOJPURI,SOUTHERN STANDARD BHOJPURI,CHANDAULI,UTTAR PRADESH
BHOJPURI,BHOJPURI,SOUTHERN STANDARD BHOJPURI,GHAZIPUR,UTTAR PRADESH
BHOJPURI,BHOJPURI,SOUTHERN STANDARD BHOJPURI,JAUNPUR,UTTAR PRADESH
BHOJPURI,BHOJPURI,SOUTHERN STANDARD BHOJPURI,MAU,UTTAR PRADESH
BHOJPURI,BHOJPURI,SOUTHERN STANDARD BHOJPURI,VARANASI,UTTAR PRADESH
BHOJPURI,BHOJPURI,WESTERN STANDARD BHOJPURI,AYODHYA,UTTAR PRADESH
BHOJPURI,BHOJPURI,WESTERN STANDARD BHOJPURI,AZAMGARH,UTTAR PRADESH
BHOJPURI,BHOJPURI,WESTERN STANDARD BHOJPURI,BALLIA,UTTAR PRADESH
BHOJPURI,BHOJPURI,WESTERN STANDARD BHOJPURI,BHADOHI,UTTAR PRADESH
BHOJPURI,BHOJPURI,WESTERN STANDARD BHOJPURI,CHANDAULI,UTTAR PRADESH
BHOJPURI,BHOJPURI,WESTERN STANDARD BHOJPURI,GHAZIPUR,UTTAR PRADESH
BHOJPURI,BHOJPURI,WESTERN STANDARD BHOJPURI,JAUNPUR,UTTAR PRADESH
BHOJPURI,BHOJPURI,WESTERN STANDARD BHOJPURI,MAU,UTTAR PRADESH
BHOJPURI,BHOJPURI,WESTERN STANDARD BHOJPURI,MIRZAPUR,UTTAR PRADESH
BHOJPURI,BHOJPURI,WESTERN STANDARD BHOJPURI,SANT RAVIDAS NAGAR,UTTAR PRADESH
BHOJPURI,BHOJPURI,WESTERN STANDARD BHOJPURI,SONBHADRA,UTTAR PRADESH
BHOJPURI,BHOJPURI,WESTERN STANDARD BHOJPURI,VARANASI,UTTAR PRADESH
BISHNUPRIYA,BISHNUPRIYA,BISHNUPRIYA,DIMA HASAO,ASSAM
BISHNUPRIYA MANIPURI ,BISHNUPRIYA MANIPURI ,MADAI GANG ,BISHNUPUR,MANIPUR
BISHNUPRIYA MANIPURI ,BISHNUPRIYA MANIPURI ,MADAI GANG ,IMPHAL WEST,MANIPUR
BISHNUPRIYA MANIPURI ,BISHNUPRIYA MANIPURI ,MADAI GANG ,KAKCHING,MANIPUR
BISHNUPRIYA MANIPURI ,BISHNUPRIYA MANIPURI ,MADAI GANG ,THOUBAL,MANIPUR
BISHNUPRIYA MANIPURI ,BISHNUPRIYA MANIPURI ,RAJAR GANG,BISHNUPUR,MANIPUR
BISHNUPRIYA MANIPURI ,BISHNUPRIYA MANIPURI ,RAJAR GANG,IMPHAL WEST,MANIPUR
BISHNUPRIYA MANIPURI ,BISHNUPRIYA MANIPURI ,RAJAR GANG,KAKCHING,MANIPUR
BISHNUPRIYA MANIPURI ,BISHNUPRIYA MANIPURI ,RAJAR GANG,THOUBAL,MANIPUR
BRAJ,BRAJ,BRAJ BHASHA,FARIDABAD,HARYANA
BRAJ,BRAJ,BRAJ BHASHA,GURGAON,HARYANA
BRAJ,BRAJ,BRAJ BHASHA,ASHOKNAGAR,MADHYA PRADESH
BRAJ,BRAJ,BRAJ BHASHA,GUNA,MADHYA PRADESH
BRAJ,BRAJ,BRAJ BHASHA,GWALIOR,MADHYA PRADESH
BRAJ,BRAJ,BRAJ BHASHA,MORENA,MADHYA PRADESH
BRAJ,BRAJ,BRAJ BHASHA,SHIVPURI,MADHYA PRADESH
BRAJ,BRAJ,BRAJ BHASHA,BHARATPUR,RAJASTHAN
BRAJ,BRAJ,BRAJ BHASHA,DEEG,RAJASTHAN
BRAJ,BRAJ,BRAJ BHASHA,DHOLPUR,RAJASTHAN
BRAJ,BRAJ,BRAJ BHASHA,GANGAPUR,RAJASTHAN
BRAJ,BRAJ,BRAJ BHASHA,KARAULI,RAJASTHAN
BRAJ,BRAJ,BRAJ BHASHA,AGRA,UTTAR PRADESH
BRAJ,BRAJ,BRAJ BHASHA,ALIGARH,UTTAR PRADESH
BRAJ,BRAJ,BRAJ BHASHA,AURAIYA,UTTAR PRADESH
BRAJ,BRAJ,BRAJ BHASHA,BUDAUN,UTTAR PRADESH
BRAJ,BRAJ,BRAJ BHASHA,ETAH,UTTAR PRADESH
BRAJ,BRAJ,BRAJ BHASHA,ETAWAH,UTTAR PRADESH
BRAJ,BRAJ,BRAJ BHASHA,FARRUKHABAD,UTTAR PRADESH
BRAJ,BRAJ,BRAJ BHASHA,FIROZABAD,UTTAR PRADESH
BRAJ,BRAJ,BRAJ BHASHA,HATHRAS,UTTAR PRADESH
BRAJ,BRAJ,BRAJ BHASHA,HATHRAS,UTTAR PRADESH
BRAJ,BRAJ,BRAJ BHASHA,KASGANJ,UTTAR PRADESH
BRAJ,BRAJ,BRAJ BHASHA,MAINPURI,UTTAR PRADESH
BRAJ,BRAJ,BRAJ BHASHA,MATHURA,UTTAR PRADESH
BUNDELI,BUNDELI,BUNDELI,BHIND,MADHYA PRADESH
BUNDELI,BUNDELI,BUNDELI,BHOPAL,MADHYA PRADESH
HINDI,BUNDELI,BUNDELI,CHHATARPUR,MADHYA PRADESH
HINDI,BUNDELI,BUNDELI,DAMOH,MADHYA PRADESH
HINDI,BUNDELI,BUNDELI,DATIA,MADHYA PRADESH
HINDI,BUNDELI,BUNDELI,NIWARI,MADHYA PRADESH
HINDI,BUNDELI,BUNDELI,PANNA,MADHYA PRADESH
HINDI,BUNDELI,BUNDELI,SAGAR,MADHYA PRADESH
HINDI,BUNDELI,BUNDELI,TIKAMGARH,MADHYA PRADESH
HINDI,BUNDELI,BUNDELI,TIKAMGARH,MADHYA PRADESH
BUNDELI,BUNDELI,BUNDELI,VIDISHA,MADHYA PRADESH
HINDI,BUNDELI,BUNDELI,BANDA,UTTAR PRADESH
HINDI,BUNDELI,BUNDELI,BANDA,UTTAR PRADESH
HINDI,BUNDELI,BUNDELI,CHITRAKOOT,UTTAR PRADESH
HINDI,BUNDELI,BUNDELI,HAMIRPURA,UTTAR PRADESH
HINDI,BUNDELI,BUNDELI,JALAUN,UTTAR PRADESH
HINDI,BUNDELI,BUNDELI,JHANSI,UTTAR PRADESH
HINDI,BUNDELI,BUNDELI,LALITPUR,UTTAR PRADESH
HINDI,BUNDELI,BUNDELI,MAHOBA,UTTAR PRADESH
BURUSHASKI,BURUSHASKI,BURUSHASKI,GHANCHI,GILGIT-BALTISTAN
BURUSHASKI,BURUSHASKI,BURUSHASKI,SKARDU,GILGIT-BALTISTAN
BURUSHASKI,BURUSHASKI,HUNZA BURUSHASKI,HUNZA NAGAR,GILGIT-BALTISTAN
BURUSHASKI,BURUSHASKI,NAGAR BURUSHASKI,GILGIT,GILGIT-BALTISTAN
BURUSHASKI,BURUSHASKI,YASIN,GILGIT,GILGIT-BALTISTAN
CHAMEALI AND CHURAHI,CHAMEALI AND CHURAHI,CHAMEALI AND CHURAHI,CHAMBA,HIMACHAL PRADESH
CHHATTISGARHI,CHHATTISGARHI,BHANDAR (SARGUJIA),BALRAMPUR,CHHATTISGARH
CHHATTISGARHI,CHHATTISGARHI,BHANDAR (SARGUJIA),JASHPUR,CHHATTISGARH
CHHATTISGARHI,CHHATTISGARHI,BHANDAR (SARGUJIA),KORBA,CHHATTISGARH
CHHATTISGARHI,CHHATTISGARHI,BHANDAR (SARGUJIA),KOREA,CHHATTISGARH
CHHATTISGARHI,CHHATTISGARHI,BHANDAR (SARGUJIA),SURAJPUR,CHHATTISGARH
CHHATTISGARHI,CHHATTISGARHI,BHANDAR (SARGUJIA),SURGUJA,CHHATTISGARH
CHHATTISGARHI,CHHATTISGARHI,BUDATI/KHALTAHI,BEMETARA,CHHATTISGARH
CHHATTISGARHI,CHHATTISGARHI,BUDATI/KHALTAHI,KABIRDHAM,CHHATTISGARH
CHHATTISGARHI,CHHATTISGARHI,BUDATI/KHALTAHI,BALAGHAT,MADHYA PRADESH
HINDI,CHHATTISGARHI,CHHATTISGARHI,BALAGHAT,MADHYA PRADESH
HINDI,CHHATTISGARHI,CHHATTISGARHI,MANDLA,MADHYA PRADESH
HINDI,CHHATTISGARHI,CHHATTISGARHI,SHAHDOL,MADHYA PRADESH
CHHATTISGARHI,CHHATTISGARHI,KEDRI,BALODA BAZAR,CHHATTISGARH
CHHATTISGARHI,CHHATTISGARHI,KEDRI,BEMETARA,CHHATTISGARH
CHHATTISGARHI,CHHATTISGARHI,KEDRI,BILASPURA,CHHATTISGARH
CHHATTISGARHI,CHHATTISGARHI,KEDRI,DHAMTARI,CHHATTISGARH
CHHATTISGARHI,CHHATTISGARHI,KEDRI,DURG,CHHATTISGARH
CHHATTISGARHI,CHHATTISGARHI,KEDRI,GAURELLA-PENDRA-MARWAHI,CHHATTISGARH
CHHATTISGARHI,CHHATTISGARHI,KEDRI,JANJGIR-CHAMPA,CHHATTISGARH
CHHATTISGARHI,CHHATTISGARHI,KEDRI,KANKER,CHHATTISGARH
CHHATTISGARHI,CHHATTISGARHI,KEDRI,MUNGELI,CHHATTISGARH
CHHATTISGARHI,CHHATTISGARHI,KEDRI,RAIPUR,CHHATTISGARH
CHHATTISGARHI,CHHATTISGARHI,KEDRI,RAJNANDGAON,CHHATTISGARH
CHHATTISGARHI,CHHATTISGARHI,RAKSHAHUN,BASTAR,CHHATTISGARH
CHHATTISGARHI,CHHATTISGARHI,UTTI (LARIA),GARIYABAND,CHHATTISGARH
CHHATTISGARHI,CHHATTISGARHI,UTTI (LARIA),MAHASAMUND,CHHATTISGARH
CHHATTISGARHI,CHHATTISGARHI,UTTI (LARIA),RAIGARH,CHHATTISGARH
CHHATTISGARHI,CHHATTISGARHI,UTTI (LARIA),RAIPUR,CHHATTISGARH
DECCANI URDU,DECCANI URDU,HYDERABADI URDU,HYDERABAD,TELANGANA
DECCANI URDU,DECCANI URDU,MADRASI URDU,CHENNAI,TAMIL NADU
DECCANI URDU,DECCANI URDU,MYSORE URDU,MYSURU,KARNATAKA
DHANNI,DHANNI,DHANNI,KHYBER AGENCY,FEDERALLY ADMINISTERED TRIBAL AREAS
DHANNI,DHANNI,DHANNI,ORAKZAI AGENCY,FEDERALLY ADMINISTERED TRIBAL AREAS
RAJASTHANI,DHUNDARI,DHUNDARI,DAUSA,RAJASTHAN
RAJASTHANI,DHUNDARI,DHUNDARI,JAIPUR,RAJASTHAN
RAJASTHANI,DHUNDARI,DHUNDARI,SAWAI MADHOPUR,RAJASTHAN
RAJASTHANI,DHUNDARI,DHUNDARI,TONK,RAJASTHAN
DHUNDHARI,DHUNDHARI,DHUNDHARI,NAGAUR,RAJASTHAN
DODA SIRAJI,DODA SIRAJI,DODA SIRAJI,JAMMU,JAMMU AND KASHMIR
DOGRI,DOGRI,DOGRI,BHIMBER,AZAD JAMMU & KASHMIR
DOGRI,DOGRI,DOGRI,GUJRAT,PUNJAB
DRAVIDIAN,DRAVIDIAN,DRAVIDIAN,ANANTAPUR,ANDHRA PRADESH
DRAVIDIAN,DRAVIDIAN,DRAVIDIAN,CHITTOOR,ANDHRA PRADESH
DRAVIDIAN,DRAVIDIAN,DRAVIDIAN,EAST GODAVARI,ANDHRA PRADESH
DRAVIDIAN,DRAVIDIAN,DRAVIDIAN,GUNTUR,ANDHRA PRADESH
DRAVIDIAN,DRAVIDIAN,DRAVIDIAN,KADAPA,ANDHRA PRADESH
DRAVIDIAN,DRAVIDIAN,DRAVIDIAN,KRISHNA,ANDHRA PRADESH
DRAVIDIAN,DRAVIDIAN,DRAVIDIAN,KURNOOL,ANDHRA PRADESH
DRAVIDIAN,DRAVIDIAN,DRAVIDIAN,PRAKASAM,ANDHRA PRADESH
DRAVIDIAN,DRAVIDIAN,DRAVIDIAN,SPSR NELLORE,ANDHRA PRADESH
DRAVIDIAN,DRAVIDIAN,DRAVIDIAN,SRIKAKULAM,ANDHRA PRADESH
DRAVIDIAN,DRAVIDIAN,DRAVIDIAN,VISAKHAPATANAM,ANDHRA PRADESH
DRAVIDIAN,DRAVIDIAN,DRAVIDIAN,VIZIANAGARAM,ANDHRA PRADESH
DRAVIDIAN,DRAVIDIAN,DRAVIDIAN,WEST GODAVARI,ANDHRA PRADESH
DRAVIDIAN,DRAVIDIAN,DRAVIDIAN,BAGALKOTE,KARNATAKA
DRAVIDIAN,DRAVIDIAN,DRAVIDIAN,BALLARI,KARNATAKA
DRAVIDIAN,DRAVIDIAN,DRAVIDIAN,BANGALORE RURAL,KARNATAKA
DRAVIDIAN,DRAVIDIAN,DRAVIDIAN,BELAGAVI,KARNATAKA
DRAVIDIAN,DRAVIDIAN,DRAVIDIAN,BENGALURU URBAN,KARNATAKA
DRAVIDIAN,DRAVIDIAN,DRAVIDIAN,BIDAR,KARNATAKA
DRAVIDIAN,DRAVIDIAN,DRAVIDIAN,CHAMARAJANAGARA,KARNATAKA
DRAVIDIAN,DRAVIDIAN,DRAVIDIAN,CHIKKABALLAPURA,KARNATAKA
DRAVIDIAN,DRAVIDIAN,DRAVIDIAN,CHIKKAMAGALURU,KARNATAKA
DRAVIDIAN,DRAVIDIAN,DRAVIDIAN,CHITRADURGA,KARNATAKA
DRAVIDIAN,DRAVIDIAN,DRAVIDIAN,DAKSHINA KANNADA,KARNATAKA
DRAVIDIAN,DRAVIDIAN,DRAVIDIAN,DAVANGERE,KARNATAKA
DRAVIDIAN,DRAVIDIAN,DRAVIDIAN,DHARWAD,KARNATAKA
DRAVIDIAN,DRAVIDIAN,DRAVIDIAN,GADAG,KARNATAKA
DRAVIDIAN,DRAVIDIAN,DRAVIDIAN,HASSAN,KARNATAKA
DRAVIDIAN,DRAVIDIAN,DRAVIDIAN,HAVERI,KARNATAKA
DRAVIDIAN,DRAVIDIAN,DRAVIDIAN,KALABURAGI,KARNATAKA
DRAVIDIAN,DRAVIDIAN,DRAVIDIAN,KODAGU,KARNATAKA
DRAVIDIAN,DRAVIDIAN,DRAVIDIAN,KOLAR,KARNATAKA
DRAVIDIAN,DRAVIDIAN,DRAVIDIAN,KOPPAL,KARNATAKA
DRAVIDIAN,DRAVIDIAN,DRAVIDIAN,MANDYA,KARNATAKA
DRAVIDIAN,DRAVIDIAN,DRAVIDIAN,MYSURU,KARNATAKA
DRAVIDIAN,DRAVIDIAN,DRAVIDIAN,RAICHUR,KARNATAKA
DRAVIDIAN,DRAVIDIAN,DRAVIDIAN,RAMANAGARA,KARNATAKA
DRAVIDIAN,DRAVIDIAN,DRAVIDIAN,SHIVAMOGGA,KARNATAKA
DRAVIDIAN,DRAVIDIAN,DRAVIDIAN,TUMAKURU,KARNATAKA
DRAVIDIAN,DRAVIDIAN,DRAVIDIAN,UDUPI,KARNATAKA
DRAVIDIAN,DRAVIDIAN,DRAVIDIAN,UTTARA KANNADA,KARNATAKA
DRAVIDIAN,DRAVIDIAN,DRAVIDIAN,VIJAYAPURA,KARNATAKA
DRAVIDIAN,DRAVIDIAN,DRAVIDIAN,YADAGIRI,KARNATAKA
DRAVIDIAN,DRAVIDIAN,DRAVIDIAN,ALAPPUZHA,KERALA
DRAVIDIAN,DRAVIDIAN,DRAVIDIAN,ERNAKULAM,KERALA
DRAVIDIAN,DRAVIDIAN,DRAVIDIAN,IDUKKI,KERALA
DRAVIDIAN,DRAVIDIAN,DRAVIDIAN,KANNUR,KERALA
DRAVIDIAN,DRAVIDIAN,DRAVIDIAN,KASARAGOD,KERALA
DRAVIDIAN,DRAVIDIAN,DRAVIDIAN,KOLLAM,KERALA
DRAVIDIAN,DRAVIDIAN,DRAVIDIAN,KOTTAYAM,KERALA
DRAVIDIAN,DRAVIDIAN,DRAVIDIAN,KOZHIKODE,KERALA
DRAVIDIAN,DRAVIDIAN,DRAVIDIAN,MALAPPURAM,KERALA
DRAVIDIAN,DRAVIDIAN,DRAVIDIAN,PALAKKAD,KERALA
DRAVIDIAN,DRAVIDIAN,DRAVIDIAN,PATHANAMTHITTA,KERALA
DRAVIDIAN,DRAVIDIAN,DRAVIDIAN,THIRUVANANTHAPURAM,KERALA
DRAVIDIAN,DRAVIDIAN,DRAVIDIAN,THRISSUR,KERALA
DRAVIDIAN,DRAVIDIAN,DRAVIDIAN,WAYANAD,KERALA
DRAVIDIAN,DRAVIDIAN,DRAVIDIAN,RAYAGADA,ODISHA
DRAVIDIAN,DRAVIDIAN,DRAVIDIAN,ARIYALUR,TAMIL NADU
DRAVIDIAN,DRAVIDIAN,DRAVIDIAN,CHENNAI,TAMIL NADU
DRAVIDIAN,DRAVIDIAN,DRAVIDIAN,COIMBATORE,TAMIL NADU
DRAVIDIAN,DRAVIDIAN,DRAVIDIAN,CUDDALORE,TAMIL NADU
DRAVIDIAN,DRAVIDIAN,DRAVIDIAN,DHARMAPURI,TAMIL NADU
DRAVIDIAN,DRAVIDIAN,DRAVIDIAN,DINDIGUL,TAMIL NADU
DRAVIDIAN,DRAVIDIAN,DRAVIDIAN,ERODE,TAMIL NADU
DRAVIDIAN,DRAVIDIAN,DRAVIDIAN,KALLAKURICHI,TAMIL NADU
DRAVIDIAN,DRAVIDIAN,DRAVIDIAN,KANCHIPURAM,TAMIL NADU
DRAVIDIAN,DRAVIDIAN,DRAVIDIAN,KANNIYAKUMARI,TAMIL NADU
DRAVIDIAN,DRAVIDIAN,DRAVIDIAN,KARUR,TAMIL NADU
DRAVIDIAN,DRAVIDIAN,DRAVIDIAN,KRISHNAGIRI,TAMIL NADU
DRAVIDIAN,DRAVIDIAN,DRAVIDIAN,MADURAI,TAMIL NADU
DRAVIDIAN,DRAVIDIAN,DRAVIDIAN,NAGAPATTINAM,TAMIL NADU
DRAVIDIAN,DRAVIDIAN,DRAVIDIAN,NAMAKKAL,TAMIL NADU
DRAVIDIAN,DRAVIDIAN,DRAVIDIAN,PERAMBALUR,TAMIL NADU
DRAVIDIAN,DRAVIDIAN,DRAVIDIAN,PUDUKKOTTAI,TAMIL NADU
DRAVIDIAN,DRAVIDIAN,DRAVIDIAN,RAMANATHAPURAM,TAMIL NADU
DRAVIDIAN,DRAVIDIAN,DRAVIDIAN,RANIPET,TAMIL NADU
DRAVIDIAN,DRAVIDIAN,DRAVIDIAN,SALEM,TAMIL NADU
DRAVIDIAN,DRAVIDIAN,DRAVIDIAN,SIVAGANGA,TAMIL NADU
DRAVIDIAN,DRAVIDIAN,DRAVIDIAN,TENKASI,TAMIL NADU
DRAVIDIAN,DRAVIDIAN,DRAVIDIAN,THANJAVUR,TAMIL NADU
DRAVIDIAN,DRAVIDIAN,DRAVIDIAN,THE NILGIRIS,TAMIL NADU
DRAVIDIAN,DRAVIDIAN,DRAVIDIAN,THENI,TAMIL NADU
DRAVIDIAN,DRAVIDIAN,DRAVIDIAN,THIRUVALLUR,TAMIL NADU
DRAVIDIAN,DRAVIDIAN,DRAVIDIAN,THIRUVARUR,TAMIL NADU
DRAVIDIAN,DRAVIDIAN,DRAVIDIAN,TIRUCHIRAPPALLI,TAMIL NADU
DRAVIDIAN,DRAVIDIAN,DRAVIDIAN,TIRUNELVELI,TAMIL NADU
DRAVIDIAN,DRAVIDIAN,DRAVIDIAN,TIRUPATHUR,TAMIL NADU
DRAVIDIAN,DRAVIDIAN,DRAVIDIAN,TIRUPPUR,TAMIL NADU
DRAVIDIAN,DRAVIDIAN,DRAVIDIAN,TIRUVANNAMALAI,TAMIL NADU
DRAVIDIAN,DRAVIDIAN,DRAVIDIAN,TUTICORIN,TAMIL NADU
DRAVIDIAN,DRAVIDIAN,DRAVIDIAN,VELLORE,TAMIL NADU
DRAVIDIAN,DRAVIDIAN,DRAVIDIAN,VILLUPURAM,TAMIL NADU
DRAVIDIAN,DRAVIDIAN,DRAVIDIAN,VIRUDHUNAGAR,TAMIL NADU
DRAVIDIAN,DRAVIDIAN,DRAVIDIAN,ADILABAD,TELANGANA
DRAVIDIAN,DRAVIDIAN,DRAVIDIAN,BHADRADRI,TELANGANA
DRAVIDIAN,DRAVIDIAN,DRAVIDIAN,HANUMAKONDA,TELANGANA
DRAVIDIAN,DRAVIDIAN,DRAVIDIAN,HYDERABAD,TELANGANA
DRAVIDIAN,DRAVIDIAN,DRAVIDIAN,JAGITIAL,TELANGANA
DRAVIDIAN,DRAVIDIAN,DRAVIDIAN,JANGOAN,TELANGANA
DRAVIDIAN,DRAVIDIAN,DRAVIDIAN,JAYASHANKAR,TELANGANA
DRAVIDIAN,DRAVIDIAN,DRAVIDIAN,JOGULAMBA,TELANGANA
DRAVIDIAN,DRAVIDIAN,DRAVIDIAN,KAMAREDDY,TELANGANA
DRAVIDIAN,DRAVIDIAN,DRAVIDIAN,KARIMNAGAR,TELANGANA
DRAVIDIAN,DRAVIDIAN,DRAVIDIAN,KHAMMAM,TELANGANA
DRAVIDIAN,DRAVIDIAN,DRAVIDIAN,KOMARAM BHEEM ASIFABAD,TELANGANA
DRAVIDIAN,DRAVIDIAN,DRAVIDIAN,MAHABUBABAD,TELANGANA
DRAVIDIAN,DRAVIDIAN,DRAVIDIAN,MAHBUBNAGAR,TELANGANA
DRAVIDIAN,DRAVIDIAN,DRAVIDIAN,MANCHERIAL,TELANGANA
DRAVIDIAN,DRAVIDIAN,DRAVIDIAN,MEDAK,TELANGANA
DRAVIDIAN,DRAVIDIAN,DRAVIDIAN,MEDCHAL MALKAJGIRI,TELANGANA
DRAVIDIAN,DRAVIDIAN,DRAVIDIAN,MULUGU,TELANGANA
DRAVIDIAN,DRAVIDIAN,DRAVIDIAN,NAGARKURNOOL,TELANGANA
DRAVIDIAN,DRAVIDIAN,DRAVIDIAN,NALGONDA,TELANGANA
DRAVIDIAN,DRAVIDIAN,DRAVIDIAN,NARAYANAPET,TELANGANA
DRAVIDIAN,DRAVIDIAN,DRAVIDIAN,NIRMAL,TELANGANA
DRAVIDIAN,DRAVIDIAN,DRAVIDIAN,NIZAMABAD,TELANGANA
DRAVIDIAN,DRAVIDIAN,DRAVIDIAN,PEDDAPALLI,TELANGANA
DRAVIDIAN,DRAVIDIAN,DRAVIDIAN,RAJANNA,TELANGANA
DRAVIDIAN,DRAVIDIAN,DRAVIDIAN,RANGAREDDI,TELANGANA
DRAVIDIAN,DRAVIDIAN,DRAVIDIAN,SANGAREDDY,TELANGANA
DRAVIDIAN,DRAVIDIAN,DRAVIDIAN,SIDDIPET,TELANGANA
DRAVIDIAN,DRAVIDIAN,DRAVIDIAN,SURYAPET,TELANGANA
DRAVIDIAN,DRAVIDIAN,DRAVIDIAN,VIKARABAD,TELANGANA
DRAVIDIAN,DRAVIDIAN,DRAVIDIAN,WANAPARTHY,TELANGANA
DRAVIDIAN,DRAVIDIAN,DRAVIDIAN,WARANGAL,TELANGANA
DRAVIDIAN,DRAVIDIAN,DRAVIDIAN,YADADRI,TELANGANA
EASTERN PUNJABI,EASTERN PUNJABI,DOABI,HOSHIARPUR,PUNJAB
EASTERN PUNJABI,EASTERN PUNJABI,DOABI,JALANDHAR,PUNJAB
EASTERN PUNJABI,EASTERN PUNJABI,DOABI,KAPURTHALA,PUNJAB
EASTERN PUNJABI,EASTERN PUNJABI,DOABI,SHAHID BHAGAT SINGH NAGAR,PUNJAB
EASTERN PUNJABI,EASTERN PUNJABI,MALWAI,FATEHABAD,HARYANA
EASTERN PUNJABI,EASTERN PUNJABI,MALWAI,KAITHAL,HARYANA
EASTERN PUNJABI,EASTERN PUNJABI,MALWAI,KAITHAL,HARYANA
EASTERN PUNJABI,EASTERN PUNJABI,MALWAI,SIRSA,HARYANA
EASTERN PUNJABI,EASTERN PUNJABI,MALWAI,BARNALA,PUNJAB
EASTERN PUNJABI,EASTERN PUNJABI,MALWAI,BATHINDA,PUNJAB
EASTERN PUNJABI,EASTERN PUNJABI,MALWAI,FARIDKOT,PUNJAB
EASTERN PUNJABI,EASTERN PUNJABI,MALWAI,FAZILKA,PUNJAB
EASTERN PUNJABI,EASTERN PUNJABI,MALWAI,FIROZEPUR,PUNJAB
EASTERN PUNJABI,EASTERN PUNJABI,MALWAI,FIROZEPUR,PUNJAB
EASTERN PUNJABI,EASTERN PUNJABI,MALWAI,FIROZEPUR,PUNJAB
EASTERN PUNJABI,EASTERN PUNJABI,MALWAI,LUDHIANA,PUNJAB
EASTERN PUNJABI,EASTERN PUNJABI,MALWAI,MANSA,PUNJAB
EASTERN PUNJABI,EASTERN PUNJABI,MALWAI,MOGA,PUNJAB
EASTERN PUNJABI,EASTERN PUNJABI,MALWAI,PATIALA,PUNJAB
EASTERN PUNJABI,EASTERN PUNJABI,MALWAI,SANGRUR,PUNJAB
EASTERN PUNJABI,EASTERN PUNJABI,MALWAI,SRI MUKTSAR SAHIB,PUNJAB
EASTERN PUNJABI,EASTERN PUNJABI,MALWAI,HANUMANGARH,RAJASTHAN
EASTERN PUNJABI,EASTERN PUNJABI,MALWAI,SRIGANGANAGAR,RAJASTHAN
EASTERN PUNJABI,EASTERN PUNJABI,PUADHI,AMBALA,HARYANA
EASTERN PUNJABI,EASTERN PUNJABI,PUADHI,KURUKSHETRA,HARYANA
EASTERN PUNJABI,EASTERN PUNJABI,PUADHI,PANCHKULA,HARYANA
EASTERN PUNJABI,EASTERN PUNJABI,PUADHI,FATEHGARH SAHIB,PUNJAB
EASTERN PUNJABI,EASTERN PUNJABI,PUADHI,LUDHIANA,PUNJAB
EASTERN PUNJABI,EASTERN PUNJABI,PUADHI,PATIALA,PUNJAB
EASTERN PUNJABI,EASTERN PUNJABI,PUADHI,RUPNAGAR,PUNJAB
EASTERN PUNJABI,EASTERN PUNJABI,PUADHI,S NAGAR,PUNJAB
EASTERN PUNJABI,EASTERN PUNJABI,PUADHI,SANGRUR,PUNJAB
EASTERN PUNJABI,EASTERN PUNJABI,PUADHI,SANGRUR,PUNJAB
EASTERN PUNJABI,EASTERN PUNJABI,STANDARD PUNJABI (MAJHI),AMRITSAR,PUNJAB
EASTERN PUNJABI,EASTERN PUNJABI,STANDARD PUNJABI (MAJHI),GURDASPUR,PUNJAB
EASTERN PUNJABI,EASTERN PUNJABI,STANDARD PUNJABI (MAJHI),HOSHIARPUR,PUNJAB
EASTERN PUNJABI,EASTERN PUNJABI,STANDARD PUNJABI (MAJHI),TARN TARAN,PUNJAB
GARHWALI,GARHWALI,BANGANI,DEHRADUN,UTTARAKHAND
GARHWALI,GARHWALI,BANGANI,PITHORAGARH,UTTARAKHAND
GARHWALI,GARHWALI,BANGANI,UTTARKASHI,UTTARAKHAND
GARHWALI,GARHWALI,DASAULYA,CHAMOLI,UTTARAKHAND
GARHWALI,GARHWALI,GANGADI,UTTAR KASHI,UTTARAKHAND
GARHWALI,GARHWALI,GANGPARIYA,TEHRI GARHWAL,UTTARAKHAND
GARHWALI,GARHWALI,JAUNPURI,DEHRADUN,UTTARAKHAND
GARHWALI,GARHWALI,JAUNPURI,TEHRI GARHWAL,UTTARAKHAND
GARHWALI,GARHWALI,LOBHYA,ALMORA,UTTARAKHAND
GARHWALI,GARHWALI,LOBHYA,TEHRI GARHWAL,UTTARAKHAND
GARHWALI,GARHWALI,MAJH KUMAIYA,PAURI GARHWAL,UTTARAKHAND
GARHWALI,GARHWALI,NAGPURIYA,RUDRA PRAYAG,UTTARAKHAND
GARHWALI,GARHWALI,PARVATI,UTTARKASHI,UTTARAKHAND
GARHWALI,GARHWALI,RATHWALI,BIJNOR,UTTAR PRADESH
GARHWALI,GARHWALI,RATHWALI,PAURI GARHWAL,UTTARAKHAND
GARHWALI,GARHWALI,RAWANLTI,UTTARKASHI,UTTARAKHAND
GARHWALI,GARHWALI,SALANI,SAHARANPUR,UTTAR PRADESH
GARHWALI,GARHWALI,SALANI,ALMORA,UTTARAKHAND
GARHWALI,GARHWALI,SALANI,DEHRADUN,UTTARAKHAND
GARHWALI,GARHWALI,SALANI,PAURI GARHWAL,UTTARAKHAND
GARHWALI,GARHWALI,SRINAGARIA,PAURI GARHWAL,JAMMU AND KASHMIR
GARHWALI,GARHWALI,TEHRIYALI,TEHRI GARHWAL,UTTARAKHAND
GAWARBATI,GAWARBATI,GAWARBATI,BAJAUR AGENCY,FEDERALLY ADMINISTERED TRIBAL AREAS
GAWARBATI,GAWARBATI,GAWARBATI,LOWER DIR,KHYBER PAKHTUNKHWA
GAWARBATI,GAWARBATI,GAWARBATI,MALAKAND,KHYBER PAKHTUNKHWA
MARWARI,GODWARI,GODWARI,JALORE,RAJASTHAN
MARWARI,GODWARI,GODWARI,PALI,RAJASTHAN
MARWARI,GODWARI,GODWARI,SIROHI,RAJASTHAN
GONDI,GONDI,GONDI,BALAGHAT,MADHYA PRADESH
GONDI,GONDI,GONDI,BETUL,MADHYA PRADESH
GONDI,GONDI,GONDI,CHHINDWARA,MADHYA PRADESH
GONDI,GONDI,GONDI,DINDORI,MADHYA PRADESH
GONDI,GONDI,GONDI,JABALPUR,MADHYA PRADESH
GONDI,GONDI,GONDI,MANDLA,MADHYA PRADESH
GONDI,GONDI,GONDI,SEONI,MADHYA PRADESH
GUJARATI,GUJARATI,AMDAWADI GUJARATI,AHMADABAD,GUJARAT
GUJARATI,GUJARATI,CHAROTARI,ANAND,GUJARAT
GUJARATI,GUJARATI,CHAROTARI,KHEDA,GUJARAT
GUJARATI,GUJARATI,EASTERN BROACH GUJARATI,BHARUCH,GUJARAT
GUJARATI,GUJARATI,GAMADIA,GANDHINAGAR,GUJARAT
GUJARATI,GUJARATI,GUJARATI,ARAVALLI,GUJARAT
GUJARATI,GUJARATI,GUJARATI,BANAS KANTHA,GUJARAT
GUJARATI,GUJARATI,GUJARATI,SABAR KANTHA,GUJARAT
GUJARATI,GUJARATI,KAKARI,BHARUCH,GUJARAT
GUJARATI,GUJARATI,KAKARI,DANG,GUJARAT
GUJARATI,GUJARATI,KAKARI,NAVSARI,GUJARAT
GUJARATI,GUJARATI,KAKARI,VALSAD,GUJARAT
GUJARATI,GUJARATI,KATHIYAWADI,AMRELI,GUJARAT
GUJARATI,GUJARATI,KATHIYAWADI,BHAVNAGAR,GUJARAT
GUJARATI,GUJARATI,KATHIYAWADI,BOTAD,GUJARAT
GUJARATI,GUJARATI,KATHIYAWADI,DEVBHUMI DWARKA,GUJARAT
GUJARATI,GUJARATI,KATHIYAWADI,GIR SOMNATH,GUJARAT
GUJARATI,GUJARATI,KATHIYAWADI,JAMNAGAR,GUJARAT
GUJARATI,GUJARATI,KATHIYAWADI,JUNAGADH,GUJARAT
GUJARATI,GUJARATI,KATHIYAWADI,MORBI,GUJARAT
GUJARATI,GUJARATI,KATHIYAWADI,PORBANDAR,GUJARAT
GUJARATI,GUJARATI,KATHIYAWADI,RAJKOT,GUJARAT
GUJARATI,GUJARATI,KATHIYAWADI,SURENDRANAGAR,GUJARAT
GUJARATI,GUJARATI,KHARWA,AMRELI,GUJARAT
GUJARATI,GUJARATI,KHARWA,BHAVNAGAR,GUJARAT
GUJARATI,GUJARATI,KHARWA,GIR SOMNATH,GUJARAT
GUJARATI,GUJARATI,KHARWA,JUNAGADH,GUJARAT
GUJARATI,GUJARATI,MEHSAANI,MAHESANA,GUJARAT
GUJARATI,GUJARATI,PATANI,PATAN,GUJARAT
GUJARATI,GUJARATI,SURATI,SURAT,GUJARAT
GUJARATI,GUJARATI,VADODARI,VADODARA,GUJARAT
HALBI,HALBI,HALBI,BASTAR,CHHATTISGARH
HALBI,HALBI,HALBI,BIJAPUR,CHHATTISGARH
HALBI,HALBI,HALBI,DANTEWADA,CHHATTISGARH
HALBI,HALBI,HALBI,NARAYANPUR,CHHATTISGARH
HALBI,HALBI,HALBI,SUKMA,CHHATTISGARH
HANDURI,HANDURI,HANDURI,BILASPUR,HIMACHAL PRADESH
RAJASTHANI,HARAUTI,HARAUTI,BARAN,RAJASTHAN
RAJASTHANI,HARAUTI,HARAUTI,BUNDI,RAJASTHAN
RAJASTHANI,HARAUTI,HARAUTI,JHALAWAR,RAJASTHAN
RAJASTHANI,HARAUTI,HARAUTI,JHALAWAR,RAJASTHAN
RAJASTHANI,HARAUTI,HARAUTI,KOTA,RAJASTHAN
HARYANVI,HARYANVI,DESARI,ROHTAK,HARYANA
HARYANVI,HARYANVI,DESARI,SONIPAT,HARYANA
HARYANVI,HARYANVI,HARYANVI,CHARKI DADRI,HARYANA
HARYANVI,HARYANVI,HARYANVI,JHAJJAR,HARYANA
HARYANVI,HARYANVI,HARYANVI,JIND,HARYANA
HINDI,HINDI,HINDI,CHANDIGARH,CHANDIGARH
HINDI,HINDI,HINDI,DELHI_TOTAL,DELHI
HINDI,HINDI,HINDI,CHANDIGARH,HARYANA
HINDI,HINDI,HINDI,AGAR MALWA,MADHYA PRADESH
HINDI,HINDI,HINDI,HOSHANGABAD,MADHYA PRADESH
HINDI,HINDI,HINDI,NARSINGHPUR,MADHYA PRADESH
HINDI,HINDI,HINDI,RAISEN,MADHYA PRADESH
HINDI,HINDI,HINDI,SHEOPUR,MADHYA PRADESH
HINDI,HINDI,HINDI,EAST DISTRICT,SIKKIM
HINDI,HINDI,HINDI,SOUTH DISTRICT,SIKKIM
HINDI,HINDI,HINDI,WEST DISTRICT,SIKKIM
HINDI,HINDI,HINDI,KHERI,UTTAR PRADESH
HINDI,HINDI,HINDI,MEERUT,UTTAR PRADESH
HINDI,HINDI,HINDI,SHRAVASTI,UTTAR PRADESH
HINDI,HINDI,KHARIBOLI,AMBALA,HARYANA
HINDI,HINDI,KHARIBOLI,FARIDABAD,HARYANA
HINDI,HINDI,KHARIBOLI,KARNAL,HARYANA
HINDI,HINDI,KHARIBOLI,KURUKSHETRA,HARYANA
HINDI,HINDI,KHARIBOLI,PANCHKULA,HARYANA
HINDI,HINDI,KHARIBOLI,PANIPAT,HARYANA
HINDI,HINDI,KHARIBOLI,SONIPAT,HARYANA
HINDI,HINDI,KHARIBOLI,YAMUNANAGAR,HARYANA
HINDI,HINDI,KHARIBOLI,AMROHA,UTTAR PRADESH
HINDI,HINDI,KHARIBOLI,BAGHPAT,UTTAR PRADESH
HINDI,HINDI,KHARIBOLI,BAREILLY,UTTAR PRADESH
HINDI,HINDI,KHARIBOLI,BIJNOR,UTTAR PRADESH
HINDI,HINDI,KHARIBOLI,BUDAUN,UTTAR PRADESH
HINDI,HINDI,KHARIBOLI,BULANDSHAHR,UTTAR PRADESH
HINDI,HINDI,KHARIBOLI,GAUTAM BUDDH NAGAR,UTTAR PRADESH
HINDI,HINDI,KHARIBOLI,GHAZIABAD,UTTAR PRADESH
HINDI,HINDI,KHARIBOLI,HAPUR,UTTAR PRADESH
HINDI,HINDI,KHARIBOLI,MEERUT,UTTAR PRADESH
HINDI,HINDI,KHARIBOLI,MORADABAD,UTTAR PRADESH
HINDI,HINDI,KHARIBOLI,MUZAFFARNAGAR,UTTAR PRADESH
HINDI,HINDI,KHARIBOLI,RAMPUR,UTTAR PRADESH
HINDI,HINDI,KHARIBOLI,RAMPUR,UTTAR PRADESH
HINDI,HINDI,KHARIBOLI,SAHARANPUR,UTTAR PRADESH
HINDI,HINDI,KHARIBOLI,SAMBHAL,UTTAR PRADESH
HINDI,HINDI,KHARIBOLI,SHAMLI,UTTAR PRADESH
HINDI,HINDI,KHARIBOLI,DEHRADUN,UTTARAKHAND
HINDI,HINDI,KHARIBOLI,HARIDWAR,UTTARAKHAND
HINDI,HINDI,KHARIBOLI,NAINITAL,UTTARAKHAND
HINDI,HINDI,KHARIBOLI,UDHAM SINGH NAGAR,UTTARAKHAND
HINDI,HINDI,POWARI,BALAGHAT,MADHYA PRADESH
HINDI,HINDI,POWARI,SEONI,MADHYA PRADESH
HINDKO,HINDKO,ATTOCK HINDKO,ATTOCK,PUNJAB
HINDKO,HINDKO,AVANKARI HINDKO,ATTOCK,PUNJAB
HINDKO,HINDKO,GHEBI,ATTOCK,PUNJAB
HINDKO,HINDKO,GHEBI,CHAKWAL,PUNJAB
HINDKO,HINDKO,GHEBI,MIANWALI,PUNJAB
HINDKO,HINDKO,HINDKO,FR BANNU,FEDERALLY ADMINISTERED TRIBAL AREAS
HINDKO,HINDKO,HINDKO,KURRAM AGENCY,FEDERALLY ADMINISTERED TRIBAL AREAS
HINDKO,HINDKO,HINDKO,BANNU,KHYBER PAKHTUNKHWA
HINDKO,HINDKO,HINDKO,HANGU,KHYBER PAKHTUNKHWA
HINDKO,HINDKO,HINDKO,KARAK,KHYBER PAKHTUNKHWA
HINDKO,HINDKO,HINDKO,LAKKI MARWAT,KHYBER PAKHTUNKHWA
HINDKO,HINDKO,KAGHANI,MANSEHRA,KHYBER PAKHTUNKHWA
HINDKO,HINDKO,KOHAT HINDKO,KOHAT,KHYBER PAKHTUNKHWA
HINDKO,HINDKO,PESHAWAR HINDKO,PESHAWAR,KHYBER PAKHTUNKHWA
HINDKO,HINDKO,TINAULI,MANSEHRA,KHYBER PAKHTUNKHWA
JAUNSARI,JAUNSARI,JAUNSARI,SHIMLA,HIMACHAL PRADESH
KACHCHI,KACHCHI,EASTERN KACHCHI,KACHCHH,GUJARAT
KACHCHI,KACHCHI,JADEGI,KACHCHH,GUJARAT
KACHCHI,KACHCHI,WESTERN KACHCHI,KACHCHH,GUJARAT
KAGANI,KAGANI,KAGANI,ISLAMABAD,ISLAMABAD CAPITAL TERRITORY
KAGANI,KAGANI,KAGANI,HARIPUR,KHYBER PAKHTUNKHWA
KANGRI,KANGRI,KANGRI,KANGRA,HIMACHAL PRADESH
HINDI,KANNAUJI,KANNAUJI,AURAIYA,UTTAR PRADESH
HINDI,KANNAUJI,KANNAUJI,ETAWAH,UTTAR PRADESH
HINDI,KANNAUJI,KANNAUJI,FARRUKHABAD,UTTAR PRADESH
HINDI,KANNAUJI,KANNAUJI,HARDOI,UTTAR PRADESH
HINDI,KANNAUJI,KANNAUJI,KANNAUJ,UTTAR PRADESH
HINDI,KANNAUJI,KANNAUJI,KANPUR DEHAT,UTTAR PRADESH
HINDI,KANNAUJI,KANNAUJI,KANPUR NAGAR,UTTAR PRADESH
HINDI,KANNAUJI,KANNAUJI,LAKHIMPUR KHERI,UTTAR PRADESH
HINDI,KANNAUJI,KANNAUJI,PILIBHIT,UTTAR PRADESH
HINDI,KANNAUJI,KANNAUJI,SHAHJAHANPUR,UTTAR PRADESH
HINDI,KANNAUJI,KANNAUJI,SITAPUR,UTTAR PRADESH
KASHMIRI,KASHMIRI,KAMRAZ,BANDIPORA,JAMMU AND KASHMIR
KASHMIRI,KASHMIRI,KAMRAZ,BARAMULLA,JAMMU AND KASHMIR
KASHMIRI,KASHMIRI,KAMRAZ,GANDERBAL,JAMMU AND KASHMIR
KASHMIRI,KASHMIRI,KAMRAZ,KUPWARA,JAMMU AND KASHMIR
KASHMIRI,KASHMIRI,KASHMIRI,BAGH,AZAD JAMMU & KASHMIR
KASHMIRI,KASHMIRI,KASHMIRI,HATTIAN,AZAD JAMMU & KASHMIR
KASHMIRI,KASHMIRI,KASHMIRI,HAVELI,AZAD JAMMU & KASHMIR
KASHMIRI,KASHMIRI,KASHMIRI,MUZAFFARABAD,AZAD JAMMU & KASHMIR
KASHMIRI,KASHMIRI,KASHMIRI,POONCH,AZAD JAMMU & KASHMIR
KASHMIRI,KASHMIRI,KISHTWARI,KISHTWAR,JAMMU AND KASHMIR
KASHMIRI,KASHMIRI,MARAZ,ANANTNAG,JAMMU AND KASHMIR
KASHMIRI,KASHMIRI,MARAZ,KULGAN,JAMMU AND KASHMIR
KASHMIRI,KASHMIRI,MARAZ,PULWAMA,JAMMU AND KASHMIR
KASHMIRI,KASHMIRI,MARAZ,SHOPIAN,JAMMU AND KASHMIR
KASHMIRI,KASHMIRI,POGULI,DODA,JAMMU AND KASHMIR
KASHMIRI,KASHMIRI,POGULI,KISHTWAR,JAMMU AND KASHMIR
KASHMIRI,KASHMIRI,POGULI,RAMBAN,JAMMU AND KASHMIR
KASHTAWARI,KASHTAWARI,KASHTAWARI,BADGAM,JAMMU AND KASHMIR
KASHTAWARI,KASHTAWARI,KASHTAWARI,SRINAGAR,JAMMU AND KASHMIR
KHANDESHI,KHANDESHI,AHIRANI,AURANGABAD,MAHARASHTRA
KHANDESHI,KHANDESHI,AHIRANI,DHULE,MAHARASHTRA
KHANDESHI,KHANDESHI,AHIRANI,JALGAON,MAHARASHTRA
KHANDESHI,KHANDESHI,AHIRANI,NANDURBAR,MAHARASHTRA
KHANDESHI,KHANDESHI,AHIRANI,NASHIK,MAHARASHTRA
KHETRANI,KHETRANI,KHETRANI,AWARAN,BALOCHISTAN
KHETRANI,KHETRANI,KHETRANI,BARKHAN,BALOCHISTAN
KHETRANI,KHETRANI,KHETRANI,CHAGHI,BALOCHISTAN
KHETRANI,KHETRANI,KHETRANI,KALAT,BALOCHISTAN
KHETRANI,KHETRANI,KHETRANI,KECH,BALOCHISTAN
KHETRANI,KHETRANI,KHETRANI,KHARAN,BALOCHISTAN
KHETRANI,KHETRANI,KHETRANI,KHUZDAR,BALOCHISTAN
KHETRANI,KHETRANI,KHETRANI,KILLA ABDULLAH,BALOCHISTAN
KHETRANI,KHETRANI,KHETRANI,KILLA SAIFULLAH,BALOCHISTAN
KHETRANI,KHETRANI,KHETRANI,KOHLU,BALOCHISTAN
KHETRANI,KHETRANI,KHETRANI,LORALAI,BALOCHISTAN
KHETRANI,KHETRANI,KHETRANI,MASTUNG,BALOCHISTAN
KHETRANI,KHETRANI,KHETRANI,MUSAKHAIL,BALOCHISTAN
KHETRANI,KHETRANI,KHETRANI,NUSHKI,BALOCHISTAN
KHETRANI,KHETRANI,KHETRANI,PANJGUR,BALOCHISTAN
KHETRANI,KHETRANI,KHETRANI,PISHIN,BALOCHISTAN
KHETRANI,KHETRANI,KHETRANI,QUETTA,BALOCHISTAN
KHETRANI,KHETRANI,KHETRANI,SHERANI,BALOCHISTAN
KHETRANI,KHETRANI,KHETRANI,WASHUK,BALOCHISTAN
KHETRANI,KHETRANI,KHETRANI,ZHOB,BALOCHISTAN
KHETRANI,KHETRANI,KHETRANI,ZIARAT,BALOCHISTAN
KHETRANI,KHETRANI,KHETRANI,FR LAKKI MARWAT,FEDERALLY ADMINISTERED TRIBAL AREAS
KHETRANI,KHETRANI,KHETRANI,FR TANK,FEDERALLY ADMINISTERED TRIBAL AREAS
KHETRANI,KHETRANI,KHETRANI,NORTH WAZIRISTAN AGENCY,FEDERALLY ADMINISTERED TRIBAL AREAS
KHETRANI,KHETRANI,KHETRANI,SOUTH WAZIRISTAN AGENCY,FEDERALLY ADMINISTERED TRIBAL AREAS
KHETRANI,KHETRANI,KHETRANI,TANK,KHYBER PAKHTUNKHWA
KHOWAR,KHOWAR,EAST KHOWAR,GHIZER,GILGIT-BALTISTAN
KHOWAR,KHOWAR,EAST KHOWAR,GUPIS-YASIN,GILGIT-BALTISTAN
KHOWAR,KHOWAR,NORTH KHOWAR,CHITRAL,KHYBER PAKHTUNKHWA
KHOWAR,KHOWAR,SWAT KHOWAR,SWAT,KHYBER PAKHTUNKHWA
KIUNTHALI (MAHASUI),KIUNTHALI (MAHASUI),KIUNTHALI (MAHASUI),MANDI,HIMACHAL PRADESH
KOCHI AND SATLEJ GROUP,KOCHI AND SATLEJ GROUP,KOCHI AND SATLEJ GROUP,KINNAUR,HIMACHAL PRADESH
KONKANI,KONKANI,KONKANI,NORTH GOA,GOA
KONKANI,KONKANI,KONKANI,SOUTH GOA,GOA
KULUI,KULUI,KULUI,KULLU,HIMACHAL PRADESH
KUMAUNI,KUMAUNI,ASKOTI,PITHORAGARH,UTTARAKHAND
KUMAUNI,KUMAUNI,BHABHRI,NAINITAL,UTTARAKHAND
KUMAUNI,KUMAUNI,DANPURIYA,BAGESHWAR,UTTARAKHAND
KUMAUNI,KUMAUNI,GANGOLI,BAGESHWAR,UTTARAKHAND
KUMAUNI,KUMAUNI,GANGOLI,PITHORAGARH,UTTARAKHAND
KUMAUNI,KUMAUNI,JOHARI,PITHORAGARH,UTTARAKHAND
KUMAUNI,KUMAUNI,KHASPARJIYA,ALMORA,UTTARAKHAND
KUMAUNI,KUMAUNI,KUMAIYYA,CHAMPAWAT,UTTARAKHAND
KUMAUNI,KUMAUNI,PACHHAI,ALMORA,UTTARAKHAND
KUMAUNI,KUMAUNI,PHALDAKOTIYA ,PAURI GARHWAL,UTTARAKHAND
KUMAUNI,KUMAUNI,RHAU-CHAUBYANSI,NAINITAL,UTTARAKHAND
KUMAUNI,KUMAUNI,SIRALI,PITHORAGARH,UTTARAKHAND
KUMAUNI,KUMAUNI,SORIYALI,PITHORAGARH,UTTARAKHAND
MAGAHI,MAGAHI,CENTRAL MAGAHI,ARWAL,BIHAR
MAGAHI,MAGAHI,CENTRAL MAGAHI,GAYA,BIHAR
MAGAHI,MAGAHI,CENTRAL MAGAHI,NAWADA,BIHAR
MAGAHI,MAGAHI,CENTRAL MAGAHI,SHEIKHPURA,BIHAR
MAGAHI,MAGAHI,MAGAHI,DEOGHAR,JHARKHAND
MAGAHI,MAGAHI,MAGAHI,GIRIDIH,JHARKHAND
MAGAHI,MAGAHI,MAGAHI,HAZARIBAGH,JHARKHAND
MAGAHI,MAGAHI,MAGAHI,KODERMA,JHARKHAND
MAGAHI,MAGAHI,NORTHERN MAGAHI,JEHANABAD,BIHAR
MAGAHI,MAGAHI,NORTHERN MAGAHI,NALANDA,BIHAR
MAGAHI,MAGAHI,NORTHERN MAGAHI,PATNA,BIHAR
MAGAHI,MAGAHI,SOUTHERN MAGAHI,AURANGABADA,BIHAR
MAGAHI,MAGAHI,SOUTHERN MAGAHI,LAKHISARIA,BIHAR
MAITHILI,MAITHILI,CENTRAL MAITHILI,DARBHANGA,BIHAR
MAITHILI,MAITHILI,CENTRAL MAITHILI,SAHARSA,BIHAR
MAITHILI,MAITHILI,CENTRAL MAITHILI,SAMASTIPUR,BIHAR
MAITHILI,MAITHILI,NORTHERN MAITHILI,MADHUBANI,BIHAR
MAITHILI,MAITHILI,NORTHERN MAITHILI,SUPAUL,BIHAR
MAITHILI,MAITHILI,THETHI,ARARIA,BIHAR
MAITHILI,MAITHILI,THETHI,BEGUSARAI,BIHAR
MAITHILI,MAITHILI,THETHI,JAMUI,BIHAR
MAITHILI,MAITHILI,THETHI,KATIHAR,BIHAR
MAITHILI,MAITHILI,THETHI,KHAGARIA,BIHAR
MAITHILI,MAITHILI,THETHI,KISHANGANJ,BIHAR
MAITHILI,MAITHILI,THETHI,LAKHISARIA,BIHAR
MAITHILI,MAITHILI,THETHI,MADHEPURA,BIHAR
MAITHILI,MAITHILI,THETHI,MUNGER,BIHAR
MAITHILI,MAITHILI,THETHI,PURNIA,BIHAR
MAITHILI,MAITHILI,THETHI,SAHARSA,BIHAR
MAITHILI,MAITHILI,THETHI,SHEIKHPURA,BIHAR
MAITHILI,MAITHILI,THETHI,SUPAUL,BIHAR
MALVI,MALVI,BHOYARI/ PAWARI,BETUL,MADHYA PRADESH
MALVI,MALVI,BHOYARI/ PAWARI,CHHINDWARA,MADHYA PRADESH
MALVI,MALVI,BHOYARI/ PAWARI,PANDHURNA,MADHYA PRADESH
MALVI,MALVI,MALVI,ALIRAJPUR,MADHYA PRADESH
MALVI,MALVI,RAJAWADI,MANDSAUR,MADHYA PRADESH
MALVI,MALVI,RAJAWADI,NEEMUCH,MADHYA PRADESH
MALVI,MALVI,RAJAWADI,RATLAM,MADHYA PRADESH
MALVI,MALVI,SONDHWADI,SHAJAPUR,MADHYA PRADESH
MALVI,MALVI,SONDHWADI,JHALAWAR,RAJASTHAN
MALVI,MALVI,UJJAINI,DEWAS,MADHYA PRADESH
MALVI,MALVI,UJJAINI,INDORE,MADHYA PRADESH
MALVI,MALVI,UJJAINI,SEHORE,MADHYA PRADESH
MALVI,MALVI,UJJAINI,SHAJAPUR,MADHYA PRADESH
MALVI,MALVI,UJJAINI,UJJAIN,MADHYA PRADESH
MALVI,MALVI,UMADWADI,RAJGARH,MADHYA PRADESH
MALVI,MALVI,UMADWADI,SEHORE,MADHYA PRADESH
MANDEALI,MANDEALI,MANDEALI,HAMIRPUR,HIMACHAL PRADESH
MANDEALI,MANDEALI,MANDEALI,UNA,HIMACHAL PRADESH
MARATHI,MARATHI,HARD TONE MARATHI,KOLHAPUR,MAHARASHTRA
MARATHI,MARATHI,HARD TONE MARATHI,PUNE,MAHARASHTRA
MARATHI,MARATHI,HARD TONE MARATHI,SANGLI,MAHARASHTRA
MARATHI,MARATHI,HARD TONE MARATHI,SATARA,MAHARASHTRA
MARATHI,MARATHI,HARD TONE MARATHI,SOLAPUR,MAHARASHTRA
MARATHI,MARATHI,KONKANI MARATHI,RAIGAD,MAHARASHTRA
MARATHI,MARATHI,KONKANI MARATHI,RATNAGIRI,MAHARASHTRA
MARATHI,MARATHI,KONKANI MARATHI,SINDHUDURG,MAHARASHTRA
MARATHI,MARATHI,MARATHI,BALAGHAT,MADHYA PRADESH
MARATHI,MARATHI,MARATHI,BETUL,MADHYA PRADESH
MARATHI,MARATHI,MARATHI,BURHANPUR,MADHYA PRADESH
MARATHI,MARATHI,MARATHI,CHHINDWARA,MADHYA PRADESH
MARATHI,MARATHI,MARATHI,AHMEDNAGAR,MAHARASHTRA
MARATHI,MARATHI,MARATHI WANGI,PALGHAR,MAHARASHTRA
MARATHI,MARATHI,MARATHI WANGI,THANE,MAHARASHTRA
MARATHI,MARATHI,MARATHWADI,AURANGABAD,MAHARASHTRA
MARATHI,MARATHI,MARATHWADI,BEED,MAHARASHTRA
MARATHI,MARATHI,MARATHWADI,HINGOLI,MAHARASHTRA
MARATHI,MARATHI,MARATHWADI,JALNA,MAHARASHTRA
MARATHI,MARATHI,MARATHWADI,LATUR,MAHARASHTRA
MARATHI,MARATHI,MARATHWADI,NANDED,MAHARASHTRA
MARATHI,MARATHI,MARATHWADI,OSMANABAD,MAHARASHTRA
MARATHI,MARATHI,MARATHWADI,PARBHANI,MAHARASHTRA
MARATHI,MARATHI,MUMBAI MARATHI,MUMBAI SUBURBAN,MAHARASHTRA
MARATHI,MARATHI,MUMBAI MARATHI,PUNE,MAHARASHTRA
MARATHI,MARATHI,MUMBAI MARATHI,RAIGAD,MAHARASHTRA
MARATHI,MARATHI,MUMBAI MARATHI,RATNAGIRI,MAHARASHTRA
MARATHI,MARATHI,MUMBAI MARATHI,THANE,MAHARASHTRA
MARATHI,MARATHI,VARHADI,AKOLA,MAHARASHTRA
MARATHI,MARATHI,VARHADI,AMRAVATI,MAHARASHTRA
MARATHI,MARATHI,VARHADI,BULDHANA,MAHARASHTRA
MARATHI,MARATHI,VARHADI,NAGPUR,MAHARASHTRA
MARATHI,MARATHI,VARHADI,WARDHA,MAHARASHTRA
MARATHI,MARATHI,VARHADI,WASHIM,MAHARASHTRA
MARATHI,MARATHI,VARHADI,YAVATMAL,MAHARASHTRA
MARATHI,MARATHI,VARLI,DADRA AND NAGAR HAVELI,DADRA & NAGAR HAVELI & DAMAN & DIU
MARATHI,MARATHI,VARLI,DAMAN,DADRA & NAGAR HAVELI & DAMAN & DIU
MARATHI,MARATHI,VARLI,DIU,DADRA & NAGAR HAVELI & DAMAN & DIU
MARATHI,MARATHI,VARLI,DANG,GUJARAT
MARATHI,MARATHI,VARLI,NAVSARI,GUJARAT
MARATHI,MARATHI,VARLI,SURAT,GUJARAT
MARATHI,MARATHI,VARLI,VALSAD,GUJARAT
MARATHI,MARATHI,VARLI,NASHIK,MAHARASHTRA
MARATHI,MARATHI,ZADI BOLI,BHANDARA,MAHARASHTRA
MARATHI,MARATHI,ZADI BOLI,CHANDRAPUR,MAHARASHTRA
MARATHI,MARATHI,ZADI BOLI,GADCHIROLI,MAHARASHTRA
MARATHI,MARATHI,ZADI BOLI,GONDIA,MAHARASHTRA
MARATHI,MARATHI,ZADI BOLI,NAGPUR,MAHARASHTRA
MARWARI,MARWARI,DHATKI,BARMER,RAJASTHAN
MARWARI,MARWARI,MARWARI,AJMER,RAJASTHAN
MARWARI,MARWARI,SHEKHAWATI,JHUNJHUNU,RAJASTHAN
MARWARI,MARWARI,SHEKHAWATI,SIKAR,RAJASTHAN
MARWARI,MARWARI,THALI,BIKANER,RAJASTHAN
MARWARI,MARWARI,THALI,JAISALMER,RAJASTHAN
MARWARI,MARWARI,THALI,JODHPUR,RAJASTHAN
MARWARI,MEWARI,MEWARI,BHILWARA,RAJASTHAN
MARWARI,MEWARI,MEWARI,CHITTORGARH,RAJASTHAN
MARWARI,MEWARI,MEWARI,PRATAPGARH,RAJASTHAN
MARWARI,MEWARI,MEWARI,RAJSAMAND,RAJASTHAN
MARWARI,MEWARI,MEWARI,UDAIPUR,RAJASTHAN
MEWATI,MEWATI,AHIRWATI,MAHENDRAGARH,HARYANA
MEWATI,MEWATI,AHIRWATI,MAHENDRAGARH,HARYANA
MEWATI,MEWATI,AHIRWATI,REWATI,HARYANA
MEWATI,MEWATI,MEWATI,MEWAT,HARYANA
MEWATI,MEWATI,MEWATI,PALWAL,HARYANA
MEWATI,MEWATI,MEWATI,ALWAR,RAJASTHAN
NEPALI,NEPALI,NEPALI,NEPAL,NEPAL
RAJASTHANI,NIMADI,NIMADI,BARWANI,MADHYA PRADESH
RAJASTHANI,NIMADI,NIMADI,BURHANPUR,MADHYA PRADESH
RAJASTHANI,NIMADI,NIMADI,DEWAS,MADHYA PRADESH
RAJASTHANI,NIMADI,NIMADI,DHAR,MADHYA PRADESH
RAJASTHANI,NIMADI,NIMADI,HARDA,MADHYA PRADESH
RAJASTHANI,NIMADI,NIMADI,KHANDWA,MADHYA PRADESH
NIMADI,NIMADI,NIMADI,KHANDWA,MADHYA PRADESH
RAJASTHANI,NIMADI,NIMADI,KHARGONE,MADHYA PRADESH
NO,NO,NO,NICOBARS,ANDAMAN & NICOBAR
NO,NO,NO,NORTH AND MIDDLE ANDAMAN,ANDAMAN & NICOBAR
NO,NO,NO,SOUTH ANDAMANS,ANDAMAN & NICOBAR
NO,NO,NO,SUDHNUTTI,AZAD JAMMU & KASHMIR
NO,NO,NO,DIAMIR,GILGIT-BALTISTAN
NO,NO,NO,POONCH,JAMMU AND KASHMIR
NO,NO,NO,LEH LADAKH,LADAKH
NO,NO,NO,KARAIKAL,PUDUCHERRY
NO,NO,NO,MAHE,PUDUCHERRY
NO,NO,NO,PONDICHERRY,PUDUCHERRY
NO,NO,NO,YANAM,PUDUCHERRY
ORIYA,ORIYA,BALESWARI,BALESHWAR,ODISHA
ORIYA,ORIYA,BALESWARI,BHADRAK,ODISHA
ORIYA,ORIYA,BALESWARI,KENDUJHAR,ODISHA
ORIYA,ORIYA,BALESWARI,MAYURBHANJ,ODISHA
ORIYA,ORIYA,BALESWARI,MEDINIPUR EAST,WEST BENGAL
ORIYA,ORIYA,BALESWARI,MEDINIPUR WEST,WEST BENGAL
ORIYA,ORIYA,DESIA,VISHAKHAPATAM,ANDHRA PRADESH
ORIYA,ORIYA,DESIA,VIZIANAGARAM,ANDHRA PRADESH
ORIYA,ORIYA,DESIA,KALAHANDI,ODISHA
ORIYA,ORIYA,DESIA,KORAPUT,ODISHA
ORIYA,ORIYA,DESIA,MALKANGIRI,ODISHA
ORIYA,ORIYA,DESIA,NABARANGPUR,ODISHA
ORIYA,ORIYA,DESIA,RAYAGADA,ODISHA
ORIYA,ORIYA,GANJAMI,SRIKAKULAM,ANDHRA PRADESH
ORIYA,ORIYA,GANJAMI,GAJAPATI,ODISHA
ORIYA,ORIYA,GANJAMI,GANJAM,ODISHA
ORIYA,ORIYA,GANJAMI,KANDHAMAL,ODISHA
ORIYA,ORIYA,MUGHALBANDI (KATAKI),ANUGUL,ODISHA
ORIYA,ORIYA,MUGHALBANDI (KATAKI),BOUDH,ODISHA
ORIYA,ORIYA,MUGHALBANDI (KATAKI),CUTTACK,ODISHA
ORIYA,ORIYA,MUGHALBANDI (KATAKI),DEOGARH,ODISHA
ORIYA,ORIYA,MUGHALBANDI (KATAKI),DHENKANAL,ODISHA
ORIYA,ORIYA,MUGHALBANDI (KATAKI),JAGATSINGHAPUR,ODISHA
ORIYA,ORIYA,MUGHALBANDI (KATAKI),JAJAPUR,ODISHA
ORIYA,ORIYA,MUGHALBANDI (KATAKI),KENDRAPARA,ODISHA
ORIYA,ORIYA,MUGHALBANDI (KATAKI),KHORDHA,ODISHA
ORIYA,ORIYA,MUGHALBANDI (KATAKI),NAYAGARH,ODISHA
ORIYA,ORIYA,MUGHALBANDI (KATAKI),PURI,ODISHA
ORIYA,ORIYA,SAMBALPURI,MAHASAMUND,CHHATTISGARH
ORIYA,ORIYA,SAMBALPURI,RAIGARH,CHHATTISGARH
ORIYA,ORIYA,SAMBALPURI,RAIPUR,CHHATTISGARH
ORIYA,ORIYA,SAMBALPURI,BALANGIR,ODISHA
ORIYA,ORIYA,SAMBALPURI,BARGARH,ODISHA
ORIYA,ORIYA,SAMBALPURI,BOUDH,ODISHA
ORIYA,ORIYA,SAMBALPURI,JHARSUGUDA,ODISHA
ORIYA,ORIYA,SAMBALPURI,NUAPADA,ODISHA
ORIYA,ORIYA,SAMBALPURI,SAMBALPUR,ODISHA
ORIYA,ORIYA,SAMBALPURI,SONEPUR,ODISHA
ORIYA,ORIYA,SUNDARGADI,JASHPUR,CHHATTISGARH
ORIYA,ORIYA,SUNDARGADI,SIMDEGA,JHARKHAND
ORIYA,ORIYA,SUNDARGADI,SUNDARGARH,ODISHA
PADARI,PADARI,PADARI,KARGIL,LADAKH
PAHARI POTHWARI,PAHARI POTHWARI,MIRPURI,MIRPUR,AZAD JAMMU & KASHMIR
PAHARI POTHWARI,PAHARI POTHWARI,PAHARI,ABBOTTABAD,KHYBER PAKHTUNKHWA
PAHARI POTHWARI,PAHARI POTHWARI,PAHARI,RAWALPINDI,PUNJAB
PAHARI POTHWARI,PAHARI POTHWARI,POTHWARI,CHAKWAL,PUNJAB
PAHARI POTHWARI,PAHARI POTHWARI,POTHWARI,GUJAR KHAN,PUNJAB
PAHARI POTHWARI,PAHARI POTHWARI,POTHWARI,JHELUM,PUNJAB
PAHARI POTHWARI,PAHARI POTHWARI,POTHWARI,RAWALPINDI,PUNJAB
PANGWALI,PANGWALI,PANGWALI,LAHUL AND SPITI,HIMACHAL PRADESH
PHALURA,PHALURA,PHALURA,SWAT,KHYBER PAKHTUNKHWA
POTHOHARI,POTHOHARI,POTHOHARI,FR KOHAT,FEDERALLY ADMINISTERED TRIBAL AREAS
POTHOHARI,POTHOHARI,POTHOHARI,FR PESHAWAR,FEDERALLY ADMINISTERED TRIBAL AREAS
POTHOHARI,POTHOHARI,POTHOHARI,MOHMAND AGENCY,FEDERALLY ADMINISTERED TRIBAL AREAS
POTHOHARI,POTHOHARI,POTHOHARI,CHARSADDA,KHYBER PAKHTUNKHWA
POTHOHARI,POTHOHARI,POTHOHARI,NOWSHERA,KHYBER PAKHTUNKHWA
PUNCHCHIL,PUNCHCHIL,PUNCHCHIL,MARDAN,KHYBER PAKHTUNKHWA
PUNCHCHIL,PUNCHCHIL,PUNCHCHIL,SWABI,KHYBER PAKHTUNKHWA
PUNJABI,PUNJABI,PUNJABI,GUJRANWALA,PUNJAB
PUNJABI,PUNJABI,PUNJABI,KASUR,PUNJAB
PUNJABI,PUNJABI,PUNJABI,LAHORE,PUNJAB
PUNJABI,PUNJABI,PUNJABI,LODHRAN,PUNJAB
PUNJABI,PUNJABI,PUNJABI,MUKTSAR,PUNJAB
PUNJABI,PUNJABI,PUNJABI,NAROWAL,PUNJAB
PUNJABI,PUNJABI,PUNJABI,PATHANKOT,PUNJAB
PUNJABI,PUNJABI,PUNJABI,SHAHID BHAGAT SINGH NAGAR,PUNJAB
PUNJABI,PUNJABI,PUNJABI,SHEIKHUPURA,PUNJAB
PUNJABI,PUNJABI,PUNJABI,SIALKOT,PUNJAB
RAMBANI,RAMBANI,RAMBANI,KOTLI,AZAD JAMMU & KASHMIR
RAMBANI,RAMBANI,RAMBANI,RAJAURI,JAMMU AND KASHMIR
RAMBANI,RAMBANI,RAMBANI,REASI,JAMMU AND KASHMIR
SADANI,SADANI,COMMON SADRI,AURANGABADA,BIHAR
SADANI,SADANI,COMMON SADRI,BALRAMPUR,CHHATTISGARH
SADANI,SADANI,COMMON SADRI,JASHPUR,CHHATTISGARH
SADANI,SADANI,COMMON SADRI,SURGUJA,CHHATTISGARH
SADANI,SADANI,COMMON SADRI,CHATRA,JHARKHAND
SADANI,SADANI,COMMON SADRI,GARHWA,JHARKHAND
SADANI,SADANI,COMMON SADRI,GUMLA,JHARKHAND
SADANI,SADANI,COMMON SADRI,KHUNTI,JHARKHAND
SADANI,SADANI,COMMON SADRI,LATEHAR,JHARKHAND
SADANI,SADANI,COMMON SADRI,LOHARDAGA,JHARKHAND
SADANI,SADANI,COMMON SADRI,PALAMU,JHARKHAND
SADANI,SADANI,COMMON SADRI,RANCHI,JHARKHAND
SADANI,SADANI,COMMON SADRI,SIMDEGA,JHARKHAND
SADANI,SADANI,COMMON SADRI,WEST SINGHBHUM,JHARKHAND
SADANI,SADANI,COMMON SADRI,SUNDARGARH,ODISHA
SADANI,SADANI,KISAN SADRI,AURANGABADA,BIHAR
SADANI,SADANI,KISAN SADRI,BALRAMPUR,CHHATTISGARH
SADANI,SADANI,KISAN SADRI,JASHPUR,CHHATTISGARH
SADANI,SADANI,KISAN SADRI,SURGUJA,CHHATTISGARH
SADANI,SADANI,KISAN SADRI,CHATRA,JHARKHAND
SADANI,SADANI,KISAN SADRI,GARHWA,JHARKHAND
SADANI,SADANI,KISAN SADRI,GUMLA,JHARKHAND
SADANI,SADANI,KISAN SADRI,KHUNTI,JHARKHAND
SADANI,SADANI,KISAN SADRI,LATEHAR,JHARKHAND
SADANI,SADANI,KISAN SADRI,LOHARDAGA,JHARKHAND
SADANI,SADANI,KISAN SADRI,PALAMU,JHARKHAND
SADANI,SADANI,KISAN SADRI,RANCHI,JHARKHAND
SADANI,SADANI,KISAN SADRI,SIMDEGA,JHARKHAND
SADANI,SADANI,KISAN SADRI,WEST SINGHBHUM,JHARKHAND
SADANI,SADANI,KISAN SADRI,SUNDARGARH,ODISHA
SADANI,SADANI,LOWER SADRI,AURANGABADA,BIHAR
SADANI,SADANI,LOWER SADRI,BALRAMPUR,CHHATTISGARH
SADANI,SADANI,LOWER SADRI,JASHPUR,CHHATTISGARH
SADANI,SADANI,LOWER SADRI,SURGUJA,CHHATTISGARH
SADANI,SADANI,LOWER SADRI,CHATRA,JHARKHAND
SADANI,SADANI,LOWER SADRI,GARHWA,JHARKHAND
SADANI,SADANI,LOWER SADRI,GUMLA,JHARKHAND
SADANI,SADANI,LOWER SADRI,KHUNTI,JHARKHAND
SADANI,SADANI,LOWER SADRI,LATEHAR,JHARKHAND
SADANI,SADANI,LOWER SADRI,LOHARDAGA,JHARKHAND
SADANI,SADANI,LOWER SADRI,PALAMU,JHARKHAND
SADANI,SADANI,LOWER SADRI,RANCHI,JHARKHAND
SADANI,SADANI,LOWER SADRI,SIMDEGA,JHARKHAND
SADANI,SADANI,LOWER SADRI,WEST SINGHBHUM,JHARKHAND
SADANI,SADANI,LOWER SADRI,SUNDARGARH,ODISHA
SADANI,SADANI,SADANI,EAST SINGHBUM,JHARKHAND
SADANI,SADANI,SADANI,SARAIKELA KHARSAWAN,JHARKHAND
SARAIKI,SARAIKI,CENTRAL SARAIKI,BAHAWALPUR,PUNJAB
SARAIKI,SARAIKI,CENTRAL SARAIKI,DERA GHAZI KHAN,PUNJAB
SARAIKI,SARAIKI,CENTRAL SARAIKI,LEIAH,PUNJAB
SARAIKI,SARAIKI,CENTRAL SARAIKI,MULTAN,PUNJAB
SARAIKI,SARAIKI,CENTRAL SARAIKI,MUZAFARGARH,PUNJAB
SARAIKI,SARAIKI,SOUTHERN SARAIKI,RAHIMYAR KHAN,PUNJAB
SARAIKI,SARAIKI,SOUTHERN SARAIKI,RAJANPUR,PUNJAB
SARAIKI,SARAIKI,THALI ,DERA ISMAIL KHAN,KHYBER PAKHTUNKHWA
SARAIKI,SARAIKI,THALI ,BHAKKAR,PUNJAB
SARAIKI,SARAIKI,THALI ,JHANG,PUNJAB
SARAIKI,SARAIKI,THALI ,KHUSHAB,PUNJAB
SARAIKI,SARAIKI,THALI ,LAYYAH,PUNJAB
SARAIKI,SARAIKI,THALI ,MIANWALI,PUNJAB
SARAIKI,SARAIKI,THALI ,MUZAFARGARH,PUNJAB
SHAHPURI,SHAHPURI,SHAHPURI,FR DI KHAN,FEDERALLY ADMINISTERED TRIBAL AREAS
WESTERN PUNJABI,SHAHPURI,SHAHPURI,BHAKKAR,PUNJAB
WESTERN PUNJABI,SHAHPURI,SHAHPURI,CHINIOT,PUNJAB
WESTERN PUNJABI,SHAHPURI,SHAHPURI,JHANG ,PUNJAB
WESTERN PUNJABI,SHAHPURI,SHAHPURI,KHANEWAL,PUNJAB
WESTERN PUNJABI,SHAHPURI,SHAHPURI,KHUSHAB,PUNJAB
WESTERN PUNJABI,SHAHPURI,SHAHPURI,MANDI BAHAUDDIN,PUNJAB
WESTERN PUNJABI,SHAHPURI,SHAHPURI,SAHIWAL,PUNJAB
WESTERN PUNJABI,SHAHPURI,SHAHPURI,SARGODHA,PUNJAB
SHINA,SHINA, ASTORI,ASTOR,GILGIT-BALTISTAN
SHINA,SHINA,CHILASI,UPPER INDUS KOHISTAN,KHYBER PAKHTUNKHWA
SHINA,SHINA,GILGITI,GILGIT,GILGIT-BALTISTAN
SHINA,SHINA,SHINA,NEELUM,AZAD JAMMU & KASHMIR
SHINA,SHINA,SHINA,BATAGRAM,KHYBER PAKHTUNKHWA
SHINA,SHINA,SHINA,KOHISTAN,KHYBER PAKHTUNKHWA
SINDHI,SINDHI,FIRAQI SINDHI,HARNAI,BALOCHISTAN
SINDHI,SINDHI,FIRAQI SINDHI,HUB,BALOCHISTAN
SINDHI,SINDHI,FIRAQI SINDHI,JAFFARABAD,BALOCHISTAN
SINDHI,SINDHI,FIRAQI SINDHI,JHAL MAGSI,BALOCHISTAN
SINDHI,SINDHI,FIRAQI SINDHI,KACHHI,BALOCHISTAN
SINDHI,SINDHI,FIRAQI SINDHI,LASBELA,BALOCHISTAN
SINDHI,SINDHI,FIRAQI SINDHI,NASIRABAD,BALOCHISTAN
SINDHI,SINDHI,FIRAQI SINDHI,SIBI,BALOCHISTAN
SINDHI,SINDHI,FIRAQI SINDHI,SOHBATPUR,BALOCHISTAN
SINDHI,SINDHI,FIRAQI SINDHI,USTA MUHAMMAD,BALOCHISTAN
SINDHI,SINDHI,LARI,BADIN,SINDH
SINDHI,SINDHI,LARI,GULSHAN,SINDH
SINDHI,SINDHI,LARI,KARACHI,SINDH
SINDHI,SINDHI,LARI,KEAMARI,SINDH
SINDHI,SINDHI,LARI,KORANGI,SINDH
SINDHI,SINDHI,LARI,MALIR,SINDH
SINDHI,SINDHI,LARI,NAZIMABAD,SINDH
SINDHI,SINDHI,LARI,ORANGI,SINDH
SINDHI,SINDHI,LARI,SAJAWAL,SINDH
SINDHI,SINDHI,LARI,TANDO MUHAMMAD KHAN,SINDH
SINDHI,SINDHI,LARI,THATTA,SINDH
SINDHI,SINDHI,LASI,GWADAR,BALOCHISTAN
SINDHI,SINDHI,LASI,HUB,BALOCHISTAN
SINDHI,SINDHI,LASI,LASBELA,BALOCHISTAN
SINDHI,SINDHI,LASI,GULSHAN,SINDH
SINDHI,SINDHI,LASI,JACOBABAD,SINDH
SINDHI,SINDHI,LASI,KARACHI,SINDH
SINDHI,SINDHI,LASI,KASHMORE,SINDH
SINDHI,SINDHI,LASI,KEAMARI,SINDH
SINDHI,SINDHI,LASI,KORANGI,SINDH
SINDHI,SINDHI,LASI,MALIR,SINDH
SINDHI,SINDHI,LASI,NAZIMABAD,SINDH
SINDHI,SINDHI,LASI,ORANGI,SINDH
SINDHI,SINDHI,SINDHI,KAMBAR-SHAHDADKOT,SINDH
SINDHI,SINDHI,SINDHI,KHAIRPUR,SINDH
SINDHI,SINDHI,SINDHI,MATIARI,SINDH
SINDHI,SINDHI,THARELI,JAISALMER,RAJASTHAN
SINDHI,SINDHI,THARELI,MIRPURKHAS,SINDH
SINDHI,SINDHI,THARELI,THARPARKAR,SINDH
SINDHI,SINDHI,THARELI,UMERKOT,SINDH
SINDHI,SINDHI,UBHEJI,JACOBABAD,SINDH
SINDHI,SINDHI,UBHEJI,KASHMORE,SINDH
SINDHI,SINDHI,UTTARADI,LARKANA,SINDH
SINDHI,SINDHI,UTTARADI,NUASHAHRO FEROZE,SINDH
SINDHI,SINDHI,UTTARADI,SHIKARPUR,SINDH
SINDHI,SINDHI,UTTARADI,SUKKUR,SINDH
SINDHI,SINDHI,VICHOLI,BADIN,SINDH
SINDHI,SINDHI,VICHOLI,DADU,SINDH
SINDHI,SINDHI,VICHOLI,HYDERABAD,SINDH
SINDHI,SINDHI,VICHOLI,JAMSHORO,SINDH
SINDHI,SINDHI,VICHOLI,MIRPURKHAS,SINDH
SINDHI,SINDHI,VICHOLI,NAUSHEHRO FEROZE,SINDH
SINDHI,SINDHI,VICHOLI,SANGHAR,SINDH
SINDHI,SINDHI,VICHOLI,SHAHEED BENAZIRABAD,SINDH
SINDHI,SINDHI,VICHOLI,TANDO MUHAMMAD,SINDH
SINDHI,SINDHI,VICHOLI,TANDO MUHAMMAD KHAN,SINDH
SINDHI,SINDHI,VICHOLI,THARPARKAR,SINDH
SINDHI,SINDHI,VICHOLI,UMERKOT,SINDH
SINHALESE,SINHALESE,SINHALESE,SRI LANKA,SRI LANKA
SINO TIBETAN,SINO TIBETAN,SINO TIBETAN,ANJAW,ARUNACHAL PRADESH
SINO TIBETAN,SINO TIBETAN,SINO TIBETAN,CHANGLANG,ARUNACHAL PRADESH
SINO TIBETAN,SINO TIBETAN,SINO TIBETAN,DIBANG VALLEY,ARUNACHAL PRADESH
SINO TIBETAN,SINO TIBETAN,SINO TIBETAN,EAST KAMENG,ARUNACHAL PRADESH
SINO TIBETAN,SINO TIBETAN,SINO TIBETAN,EAST SIANG,ARUNACHAL PRADESH
SINO TIBETAN,SINO TIBETAN,SINO TIBETAN,KRA DAADI,ARUNACHAL PRADESH
SINO TIBETAN,SINO TIBETAN,SINO TIBETAN,KURUNG KUMEY,ARUNACHAL PRADESH
SINO TIBETAN,SINO TIBETAN,SINO TIBETAN,LOHIT,ARUNACHAL PRADESH
SINO TIBETAN,SINO TIBETAN,SINO TIBETAN,LONGDING,ARUNACHAL PRADESH
SINO TIBETAN,SINO TIBETAN,SINO TIBETAN,LOWER DIBANG VALLEY,ARUNACHAL PRADESH
SINO TIBETAN,SINO TIBETAN,SINO TIBETAN,LOWER SUBANSIRI,ARUNACHAL PRADESH
SINO TIBETAN,SINO TIBETAN,SINO TIBETAN,NAMSAI,ARUNACHAL PRADESH
SINO TIBETAN,SINO TIBETAN,SINO TIBETAN,PAPUM PARE,ARUNACHAL PRADESH
SINO TIBETAN,SINO TIBETAN,SINO TIBETAN,SIANG,ARUNACHAL PRADESH
SINO TIBETAN,SINO TIBETAN,SINO TIBETAN,TAWANG,ARUNACHAL PRADESH
SINO TIBETAN,SINO TIBETAN,SINO TIBETAN,TIRAP,ARUNACHAL PRADESH
SINO TIBETAN,SINO TIBETAN,SINO TIBETAN,UPPER SIANG,ARUNACHAL PRADESH
SINO TIBETAN,SINO TIBETAN,SINO TIBETAN,UPPER SUBANSIRI,ARUNACHAL PRADESH
SINO TIBETAN,SINO TIBETAN,SINO TIBETAN,WEST KAMENG,ARUNACHAL PRADESH
SINO TIBETAN,SINO TIBETAN,SINO TIBETAN,WEST SIANG,ARUNACHAL PRADESH
SINO TIBETAN,SINO TIBETAN,SINO TIBETAN,GOLAGHAT,ASSAM
SINO TIBETAN,SINO TIBETAN,SINO TIBETAN,HOJAI,ASSAM
SINO TIBETAN,SINO TIBETAN,SINO TIBETAN,KARBI ANGLONG,ASSAM
SINO TIBETAN,SINO TIBETAN,SINO TIBETAN,WEST KARBI ANGLONG,ASSAM
SINO TIBETAN,SINO TIBETAN,SINO TIBETAN,BISHNUPUR,MANIPUR
SINO TIBETAN,SINO TIBETAN,SINO TIBETAN,CHANDEL,MANIPUR
SINO TIBETAN,SINO TIBETAN,SINO TIBETAN,CHURACHANDPUR,MANIPUR
SINO TIBETAN,SINO TIBETAN,SINO TIBETAN,IMPHAL EAST,MANIPUR
SINO TIBETAN,SINO TIBETAN,SINO TIBETAN,IMPHAL WEST,MANIPUR
SINO TIBETAN,SINO TIBETAN,SINO TIBETAN,KANGPOKPI,MANIPUR
SINO TIBETAN,SINO TIBETAN,SINO TIBETAN,SENAPATI,MANIPUR
SINO TIBETAN,SINO TIBETAN,SINO TIBETAN,THOUBAL,MANIPUR
SINO TIBETAN,SINO TIBETAN,SINO TIBETAN,UKHRUL,MANIPUR
SINO TIBETAN,SINO TIBETAN,SINO TIBETAN,EAST GARO HILLS,MEGHALAYA
SINO TIBETAN,SINO TIBETAN,SINO TIBETAN,EAST JAINTIA HILLS,MEGHALAYA
SINO TIBETAN,SINO TIBETAN,SINO TIBETAN,EAST KHASI HILLS,MEGHALAYA
SINO TIBETAN,SINO TIBETAN,SINO TIBETAN,NORTH GARO HILLS,MEGHALAYA
SINO TIBETAN,SINO TIBETAN,SINO TIBETAN,RI BHOI,MEGHALAYA
SINO TIBETAN,SINO TIBETAN,SINO TIBETAN,SOUTH GARO HILLS,MEGHALAYA
SINO TIBETAN,SINO TIBETAN,SINO TIBETAN,SOUTH WEST GARO HILLS,MEGHALAYA
SINO TIBETAN,SINO TIBETAN,SINO TIBETAN,SOUTH WEST KHASI HILLS,MEGHALAYA
SINO TIBETAN,SINO TIBETAN,SINO TIBETAN,WEST GARO HILLS,MEGHALAYA
SINO TIBETAN,SINO TIBETAN,SINO TIBETAN,WEST JAINTIA HILLS,MEGHALAYA
SINO TIBETAN,SINO TIBETAN,SINO TIBETAN,WEST KHASI HILLS,MEGHALAYA
SINO TIBETAN,SINO TIBETAN,SINO TIBETAN,AIZAWL,MIZORAM
SINO TIBETAN,SINO TIBETAN,SINO TIBETAN,CHAMPHAI,MIZORAM
SINO TIBETAN,SINO TIBETAN,SINO TIBETAN,KOLASIB,MIZORAM
SINO TIBETAN,SINO TIBETAN,SINO TIBETAN,LAWNGTLAI,MIZORAM
SINO TIBETAN,SINO TIBETAN,SINO TIBETAN,LUNGLEI,MIZORAM
SINO TIBETAN,SINO TIBETAN,SINO TIBETAN,MAMIT,MIZORAM
SINO TIBETAN,SINO TIBETAN,SINO TIBETAN,SAIHA,MIZORAM
SINO TIBETAN,SINO TIBETAN,SINO TIBETAN,SERCHHIP,MIZORAM
SINO TIBETAN,SINO TIBETAN,SINO TIBETAN,DIMAPUR,NAGALAND
SINO TIBETAN,SINO TIBETAN,SINO TIBETAN,KIPHIRE,NAGALAND
SINO TIBETAN,SINO TIBETAN,SINO TIBETAN,KOHIMA,NAGALAND
SINO TIBETAN,SINO TIBETAN,SINO TIBETAN,LONGLENG,NAGALAND
SINO TIBETAN,SINO TIBETAN,SINO TIBETAN,MOKOKCHUNG,NAGALAND
SINO TIBETAN,SINO TIBETAN,SINO TIBETAN,MON,NAGALAND
SINO TIBETAN,SINO TIBETAN,SINO TIBETAN,PHEK,NAGALAND
SINO TIBETAN,SINO TIBETAN,SINO TIBETAN,TUENSANG,NAGALAND
SINO TIBETAN,SINO TIBETAN,SINO TIBETAN,WOKHA,NAGALAND
SINO TIBETAN,SINO TIBETAN,SINO TIBETAN,ZUNHEBOTO,NAGALAND
SINO TIBETAN,SINO TIBETAN,SINO TIBETAN,NORTH DISTRICT,SIKKIM
SINO TIBETAN,SINO TIBETAN,SINO TIBETAN,DHALAI,TRIPURA
SINO TIBETAN,SINO TIBETAN,SINO TIBETAN,GOMATI,TRIPURA
SINO TIBETAN,SINO TIBETAN,SINO TIBETAN,KHOWAI,TRIPURA
SINO TIBETAN,SINO TIBETAN,SINO TIBETAN,NORTH TRIPURA,TRIPURA
SINO TIBETAN,SINO TIBETAN,SINO TIBETAN,SEPAHIJALA,TRIPURA
SINO TIBETAN,SINO TIBETAN,SINO TIBETAN,SOUTH TRIPURA,TRIPURA
SINO TIBETAN,SINO TIBETAN,SINO TIBETAN,UNAKOTI,TRIPURA
SINO TIBETAN,SINO TIBETAN,SINO TIBETAN,WEST TRIPURA,TRIPURA
SIRAIKI,SIRAIKI,SIRAIKI,DERA BUGTI,BALOCHISTAN
SIRAIKI,SIRAIKI,SIRAIKI,LEHRI,BALOCHISTAN
SIRMAURI,SIRMAURI,SIRMAURI,SIRMAUR,HIMACHAL PRADESH
TORWALI,TORWALI,TORWALI,BUNER,KHYBER PAKHTUNKHWA
BHILI,VAGDI,VAGDI,BANSWARA,RAJASTHAN
BHILI,VAGDI,VAGDI,BANSWARA,RAJASTHAN
BHILI,VAGDI,VAGDI,DUNGARPUR,RAJASTHAN
VAGDI,VAGDI,VAGDI,RATLAM,RAJASTHAN
MARATHI,VARLI,VARLI,NANDURBAR,MAHARASHTRA
MARATHI,VARLI,VARLI,PALGHAR,MAHARASHTRA
WESTERN PUNJABI,WESTERN PUNJABI,DHANI,ATTOCK,PUNJAB
WESTERN PUNJABI,WESTERN PUNJABI,DHANI,CHAKWAL,PUNJAB
WESTERN PUNJABI,WESTERN PUNJABI,DHANI,CHOA,PUNJAB
WESTERN PUNJABI,WESTERN PUNJABI,DHANI,JHELUM,PUNJAB
WESTERN PUNJABI,WESTERN PUNJABI,DHANI,KHEWRA,PUNJAB
WESTERN PUNJABI,WESTERN PUNJABI,DHANI,PIND DADAN KHAN,PUNJAB
WESTERN PUNJABI,WESTERN PUNJABI,DHANI,TALAGANG,PUNJAB
WESTERN PUNJABI,WESTERN PUNJABI,DHANI,WARA BULAND KHAN,PUNJAB
WESTERN PUNJABI,WESTERN PUNJABI,JATKI,BAHAWALNAGAR,PUNJAB
WESTERN PUNJABI,WESTERN PUNJABI,JATKI,CHINIOT,PUNJAB
WESTERN PUNJABI,WESTERN PUNJABI,JATKI,FAISALABAD,PUNJAB
WESTERN PUNJABI,WESTERN PUNJABI,JATKI,HAFIZABAD,PUNJAB
WESTERN PUNJABI,WESTERN PUNJABI,JATKI,JHANG ,PUNJAB
WESTERN PUNJABI,WESTERN PUNJABI,JATKI,KHANEWAL,PUNJAB
WESTERN PUNJABI,WESTERN PUNJABI,JATKI,MANDI BAHAUDDIN,PUNJAB
WESTERN PUNJABI,WESTERN PUNJABI,JATKI,NANKANA SAHIB,PUNJAB
WESTERN PUNJABI,WESTERN PUNJABI,JATKI,OKARA,PUNJAB
WESTERN PUNJABI,WESTERN PUNJABI,JATKI,PAKPATTAN,PUNJAB
WESTERN PUNJABI,WESTERN PUNJABI,JATKI,SAHIWAL,PUNJAB
WESTERN PUNJABI,WESTERN PUNJABI,JATKI,SARGODHA,PUNJAB
WESTERN PUNJABI,WESTERN PUNJABI,JATKI,TOBA TEK SINGH,PUNJAB
WESTERN PUNJABI,WESTERN PUNJABI,JATKI,VEHARI,PUNJAB
